pclass,sex,age,sibsp,parch,fare,embarked,survived
-0.26393815914371777,1,0.9117794394940083,0.4954317394822013,-0.4704140988946123,-0.17116247851043773,2,0
-1.4318645133546681,1,0.6914552650260901,-0.5195152268181417,-0.4704140988946123,-0.1239134672972177,0,0
0.9039881950672326,1,0.618013873536784,-0.5195152268181417,-0.4704140988946123,-0.5202801724747859,2,0
0.9039881950672326,0,0.39768969906886587,0.4954317394822013,0.6194196118952618,-0.2892850065434878,2,1
0.9039881950672326,0,-1.5852278711423977,2.525325672082887,0.6194196118952618,-0.27484780867278175,2,0
-0.26393815914371777,1,0.4711310905581719,-0.5195152268181417,-0.4704140988946123,-0.416157351467875,2,0
-0.26393815914371777,0,2.2337244863015173,0.4954317394822013,-0.4704140988946123,-0.18866211229311183,2,0
-1.4318645133546681,1,1.5727519628977629,-0.5195152268181417,-0.4704140988946123,-0.17903731371264106,2,1
-1.4318645133546681,0,1.0586622224726203,-0.5195152268181417,-0.4704140988946123,-0.15854874247988623,0,1
-1.4318645133546681,0,3.4087867501304143,0.4954317394822013,-0.4704140988946123,0.7361935331212138,2,1
0.9039881950672326,1,-2.09931761156754,0.4954317394822013,1.7092533226851359,-0.28359762556411877,2,1
0.9039881950672326,1,-0.33672421582419465,0.4954317394822013,-0.4704140988946123,-0.33215910931103937,2,0
-0.26393815914371777,0,-0.9242553477386432,-0.5195152268181417,-0.4704140988946123,-0.4336569852505491,0,1
-1.4318645133546681,0,-0.4836069988028068,-0.5195152268181417,0.6194196118952618,0.8115872053471086,0,1
0.9039881950672326,1,-0.9976967392279492,3.54027263838323,0.6194196118952618,0.050864125107239797,2,0
-1.4318645133546681,0,-0.4101656073135007,-0.5195152268181417,-0.4704140988946123,0.2226527800616165,0,1
-0.26393815914371777,0,-1.878993437099622,0.4954317394822013,0.6194196118952618,-0.2411610136411341,2,1
0.9039881950672326,1,-0.18984143284558255,-0.5195152268181417,-0.4704140988946123,-0.49206201300022384,2,0
0.9039881950672326,1,0.8016173522600492,-0.5195152268181417,-0.4704140988946123,-0.3794081205242594,2,0
-1.4318645133546681,0,2.160283094812211,1.5103787057825442,-0.4704140988946123,0.25721455678239785,2,1
0.9039881950672326,1,0.17736552460094773,-0.5195152268181417,-0.4704140988946123,-0.5027805386921117,2,0
-1.4318645133546681,1,1.4258691799191507,0.4954317394822013,-0.4704140988946123,0.3525875608979717,0,1
-0.26393815914371777,1,1.793076137365681,-0.5195152268181417,-0.4704140988946123,-0.18866211229311183,2,0
0.9039881950672326,1,0.17736552460094773,-0.5195152268181417,-0.4704140988946123,-0.5027805386921117,2,1
0.9039881950672326,1,1.1321036139619265,-0.5195152268181417,-0.4704140988946123,-0.5215926450084863,2,0
-0.26393815914371777,1,0.9117794394940083,-0.5195152268181417,-0.4704140988946123,-0.416157351467875,2,0
0.9039881950672326,1,-0.777372564760031,-0.5195152268181417,-0.4704140988946123,-0.4656673153658165,2,0
-0.26393815914371777,0,0.7648966565153962,0.4954317394822013,0.6194196118952618,0.03883312688165136,2,1
-1.4318645133546681,1,1.4258691799191507,0.4954317394822013,-0.4704140988946123,0.9156382778555107,0,1
-1.4318645133546681,1,2.5274900522587416,0.4954317394822013,3.8889207442648837,3.9587510942006476,2,0
-0.26393815914371777,1,-0.26328282433488864,0.4954317394822013,0.6194196118952618,-0.13616321094508954,2,1
0.9039881950672326,1,0.10392413311164167,-0.5195152268181417,-0.4704140988946123,-0.5083226727110847,1,0
0.9039881950672326,1,-1.7321106541210098,2.525325672082887,0.6194196118952618,-0.27484780867278175,2,0
0.9039881950672326,1,-0.6304897817814189,-0.5195152268181417,-0.4704140988946123,-0.49206201300022384,2,0
0.9039881950672326,1,1.5727519628977629,-0.5195152268181417,-0.4704140988946123,-0.5027805386921117,2,0
0.9039881950672326,0,0.2508069160902538,2.525325672082887,-0.4704140988946123,-0.36628339518725384,2,1
0.9039881950672326,1,-0.703931173270725,-0.5195152268181417,-0.4704140988946123,-0.5202801724747859,2,0
-1.4318645133546681,1,1.2055450054512324,-0.5195152268181417,-0.4704140988946123,0.6730496045431908,0,0
-0.26393815914371777,0,-0.4101656073135007,0.4954317394822013,-0.4704140988946123,-0.18866211229311183,2,1
-0.26393815914371777,0,-0.4101656073135007,0.4954317394822013,1.7092533226851359,0.49382360523117774,2,1
0.9039881950672326,1,0.7648966565153962,0.4954317394822013,3.8889207442648837,-0.15541280810603106,2,0
-1.4318645133546681,1,0.17736552460094773,-0.5195152268181417,-0.4704140988946123,-0.10991376027107841,0,1
-1.4318645133546681,1,-0.18984143284558255,-0.5195152268181417,-0.4704140988946123,-0.10991376027107841,2,1
0.9039881950672326,1,-2.1419136186313374,-0.5195152268181417,0.6194196118952618,-0.49461345960573777,0,1
-1.4318645133546681,0,-0.1164000413562765,0.4954317394822013,-0.4704140988946123,0.7943063169867179,0,1
-1.4318645133546681,1,1.939958920344293,-0.5195152268181417,-0.4704140988946123,-0.17903731371264106,2,0
-1.4318645133546681,1,-0.6304897817814189,-0.5195152268181417,0.6194196118952618,0.7088503553357856,2,0
0.9039881950672326,1,1.2789863969405386,-0.5195152268181417,-0.4704140988946123,-0.48615588659857134,2,0
0.9039881950672326,0,-0.4101656073135007,-0.5195152268181417,-0.4704140988946123,-0.508030428826914,1,0
-1.4318645133546681,1,1.8665175288549871,-0.5195152268181417,-0.4704140988946123,0.23132909849106637,2,0
-0.26393815914371777,0,1.3524277884298446,-0.5195152268181417,1.7092533226851359,-0.0005410491293653436,2,1
0.9039881950672326,1,-0.26328282433488864,0.4954317394822013,-0.4704140988946123,-0.5062069669867594,2,0
-1.4318645133546681,1,0.10392413311164167,0.4954317394822013,-0.4704140988946123,0.2663283660564145,2,0
0.9039881950672326,1,-0.1164000413562765,-0.5195152268181417,-0.4704140988946123,0.3450032196165608,2,1
0.9039881950672326,1,-0.33672421582419465,0.4954317394822013,-0.4704140988946123,-0.5075929379823472,2,0
-1.4318645133546681,0,1.3524277884298446,0.4954317394822013,-0.4704140988946123,0.04933290715125584,0,1
-1.4318645133546681,0,0.39768969906886587,-0.5195152268181417,-0.4704140988946123,3.057519954392932,0,1
-1.4318645133546681,1,1.3524277884298446,0.4954317394822013,-0.4704140988946123,0.2663283660564145,2,1
-1.4318645133546681,0,-0.6304897817814189,-0.5195152268181417,-0.4704140988946123,-0.17903731371264106,2,1
0.9039881950672326,1,0.7648966565153962,-0.5195152268181417,-0.4704140988946123,-0.5172177365628179,0,0
0.9039881950672326,0,-0.1164000413562765,-0.5195152268181417,-0.4704140988946123,-0.3724082670111898,1,1
0.9039881950672326,1,-0.04295864986697045,-0.5195152268181417,-0.4704140988946123,-0.47769831359140497,2,0
-0.26393815914371777,1,-0.8508139562493371,-0.5195152268181417,-0.4704140988946123,-0.44240680214188616,2,0
0.9039881950672326,1,-1.6586692626317037,3.54027263838323,0.6194196118952618,0.050864125107239797,2,0
0.9039881950672326,0,-0.5570483902921128,-0.5195152268181417,-0.4704140988946123,-0.508030428826914,1,1
0.9039881950672326,1,-0.1164000413562765,0.4954317394822013,-0.4704140988946123,-0.39063763552260133,0,0
-1.4318645133546681,1,0.9852208309833144,0.4954317394822013,-0.4704140988946123,-0.15854874247988623,0,1
0.9039881950672326,1,-0.1164000413562765,-0.5195152268181417,-0.4704140988946123,-0.5057694761421925,1,0
0.9039881950672326,1,-0.1164000413562765,-0.5195152268181417,-0.4704140988946123,-0.5115303555834488,2,0
0.9039881950672326,1,-0.33672421582419465,-0.5195152268181417,-0.4704140988946123,-0.5081756757873102,1,0
0.9039881950672326,1,0.2508069160902538,-0.5195152268181417,-0.4704140988946123,-0.49206201300022384,0,0
0.9039881950672326,0,-0.1164000413562765,-0.5195152268181417,-0.4704140988946123,-0.5054789822214001,2,0
0.9039881950672326,1,-1.878993437099622,3.54027263838323,0.6194196118952618,-0.13397575672225528,1,0
-0.26393815914371777,1,-1.1445795222065613,-0.5195152268181417,-0.4704140988946123,0.49382360523117774,2,0
-1.4318645133546681,1,1.6461933543870688,0.4954317394822013,0.6194196118952618,0.7501932401473532,2,0
0.9039881950672326,1,-0.777372564760031,-0.5195152268181417,-0.4704140988946123,-0.38990790079386384,2,0
0.9039881950672326,1,-0.8508139562493371,0.4954317394822013,-0.4704140988946123,-0.5299784695171439,2,0
-1.4318645133546681,1,0.4711310905581719,-0.5195152268181417,0.6194196118952618,8.321920785527753,0,1
-1.4318645133546681,1,2.3806072692801292,-0.5195152268181417,-0.4704140988946123,-0.17903731371264106,2,0
-0.26393815914371777,1,1.6461933543870688,-0.5195152268181417,-0.4704140988946123,-0.416157351467875,2,0
0.9039881950672326,1,0.10392413311164167,2.525325672082887,-0.4704140988946123,-0.32865918255450455,2,0
0.9039881950672326,1,-0.6304897817814189,-0.5195152268181417,-0.4704140988946123,-0.49607292906321276,2,0
-1.4318645133546681,0,-0.5570483902921128,-0.5195152268181417,0.6194196118952618,0.3958256560482028,0,1
-1.4318645133546681,0,-1.0711381307172552,-0.5195152268181417,0.6194196118952618,3.054676263903248,2,1
-0.26393815914371777,1,-0.777372564760031,-0.5195152268181417,-0.4704140988946123,-0.4599064359245602,2,1
0.9039881950672326,0,-0.1164000413562765,-0.5195152268181417,-0.4704140988946123,-0.5082491742491974,1,1
-1.4318645133546681,0,0.030482741622335607,-0.5195152268181417,-0.4704140988946123,0.8700657315586706,2,1
0.9039881950672326,0,-0.1164000413562765,0.4954317394822013,0.6194196118952618,-0.3916578641721313,2,0
-1.4318645133546681,1,1.1321036139619265,-0.5195152268181417,-0.4704140988946123,-0.17903731371264106,2,1
-1.4318645133546681,1,-0.18984143284558255,0.4954317394822013,-0.4704140988946123,1.7499333184444978,0,0
-1.4318645133546681,0,2.0868417033229054,-0.5195152268181417,0.6194196118952618,2.0418849587309844,2,1
0.9039881950672326,1,-0.1164000413562765,1.5103787057825442,-0.4704140988946123,-0.26427452994129,0,0
0.9039881950672326,1,-0.703931173270725,-0.5195152268181417,-0.4704140988946123,-0.49206201300022384,2,0
0.9039881950672326,1,-0.04295864986697045,-0.5195152268181417,-0.4704140988946123,-0.4774060697072343,2,1
-0.26393815914371777,1,-0.6304897817814189,-0.5195152268181417,-0.4704140988946123,0.6425704923839075,2,0
0.9039881950672326,0,-0.8508139562493371,-0.5195152268181417,-0.4704140988946123,-0.4714264448436946,2,1
-1.4318645133546681,1,0.2508069160902538,-0.5195152268181417,-0.4704140988946123,-0.17903731371264106,2,0
-0.26393815914371777,1,-0.04295864986697045,0.4954317394822013,-0.4704140988946123,-0.18866211229311183,2,0
0.9039881950672326,1,-0.6304897817814189,-0.5195152268181417,-0.4704140988946123,-0.504967992914946,2,0
-0.26393815914371777,1,-0.6304897817814189,1.5103787057825442,-0.4704140988946123,0.6425704923839075,2,0
-0.26393815914371777,0,0.4711310905581719,-0.5195152268181417,-0.4704140988946123,-0.416157351467875,2,1
0.9039881950672326,1,-0.6304897817814189,-0.5195152268181417,-0.4704140988946123,-0.5067914547551007,1,1
0.9039881950672326,1,0.030482741622335607,-0.5195152268181417,-0.4704140988946123,-0.5027805386921117,2,0
-1.4318645133546681,0,0.39768969906886587,0.4954317394822013,-0.4704140988946123,0.2663283660564145,2,1
-0.26393815914371777,0,0.030482741622335607,-0.5195152268181417,-0.4704140988946123,-0.4275321134266131,1,1
-0.26393815914371777,1,-0.1164000413562765,-0.5195152268181417,-0.4704140988946123,-0.416157351467875,2,0
0.9039881950672326,1,-0.4836069988028068,-0.5195152268181417,-0.4704140988946123,-0.5202801724747859,2,0
0.9039881950672326,0,-0.1164000413562765,-0.5195152268181417,-0.4704140988946123,-0.5115303555834488,2,0
0.9039881950672326,1,-2.09931761156754,3.54027263838323,0.6194196118952618,0.050864125107239797,2,0
-0.26393815914371777,1,0.17736552460094773,1.5103787057825442,-0.4704140988946123,0.6425704923839075,2,0
-1.4318645133546681,1,1.4993105714084567,1.5103787057825442,-0.4704140988946123,1.6951734644117542,2,1
0.9039881950672326,1,-0.4101656073135007,-0.5195152268181417,-0.4704140988946123,-0.5072289455996675,2,0
-1.4318645133546681,0,2.4540486607694354,0.4954317394822013,-0.4704140988946123,0.7205891096772032,2,1
0.9039881950672326,0,-2.1176779594398667,1.5103787057825442,0.6194196118952618,-0.3066393933657658,0,1
-0.26393815914371777,1,0.10392413311164167,0.4954317394822013,0.6194196118952618,-0.1842872038474433,2,0
-0.26393815914371777,1,-0.18984143284558255,0.4954317394822013,-0.4704140988946123,-0.18866211229311183,2,0
-0.26393815914371777,1,-0.18984143284558255,-0.5195152268181417,-0.4704140988946123,-0.38057534609756377,0,0
-1.4318645133546681,0,-0.6304897817814189,-0.5195152268181417,-0.4704140988946123,0.7205891096772032,2,1
-1.4318645133546681,0,0.6914552650260901,0.4954317394822013,0.6194196118952618,0.8115872053471086,0,1
-1.4318645133546681,0,-0.4101656073135007,-0.5195152268181417,-0.4704140988946123,0.8115872053471086,0,1
0.9039881950672326,0,-1.8055520456103158,3.54027263838323,1.7092533226851359,-0.09438283528895516,2,1
0.9039881950672326,1,-0.1164000413562765,-0.5195152268181417,-0.4704140988946123,-0.508030428826914,1,1
0.9039881950672326,1,-1.5117864796530915,-0.5195152268181417,1.7092533226851359,-0.2844726072532525,2,1
-0.26393815914371777,1,0.9117794394940083,-0.5195152268181417,-0.4704140988946123,-0.416157351467875,2,1
0.9039881950672326,1,-0.4101656073135007,-0.5195152268181417,-0.4704140988946123,-0.5186754560569147,2,1
-1.4318645133546681,1,2.0134003118335992,0.4954317394822013,-0.4704140988946123,1.9204077509017958,0,0
-0.26393815914371777,0,0.21408622034560074,-0.5195152268181417,-0.4704140988946123,-0.416157351467875,2,1
0.9039881950672326,0,-0.1164000413562765,-0.5195152268181417,-0.4704140988946123,-0.5083226727110847,1,1
0.9039881950672326,1,0.9117794394940083,-0.5195152268181417,-0.4704140988946123,-0.5097803922051815,2,0
0.9039881950672326,1,1.4258691799191507,-0.5195152268181417,-0.4704140988946123,-0.6436525906426381,2,0
-0.26393815914371777,1,-0.4101656073135007,1.5103787057825442,-0.4704140988946123,-0.09241412648840432,2,0
0.9039881950672326,1,-0.703931173270725,-0.5195152268181417,-0.4704140988946123,-0.5027805386921117,2,0
0.9039881950672326,0,-0.8508139562493371,-0.5195152268181417,-0.4704140988946123,-0.5075929379823472,2,0
0.9039881950672326,0,-1.952434828588928,0.4954317394822013,0.6194196118952618,-0.4025951352863026,2,0
-0.26393815914371777,0,1.1321036139619265,-0.5195152268181417,-0.4704140988946123,-0.40740753457653794,2,1
0.9039881950672326,1,-0.33672421582419465,-0.5195152268181417,-0.4704140988946123,-0.5202801724747859,2,0
0.9039881950672326,1,-0.1164000413562765,-0.5195152268181417,-0.4704140988946123,-0.3724082670111898,1,0
0.9039881950672326,0,-0.1164000413562765,-0.5195152268181417,-0.4704140988946123,-0.5016868115806946,2,0
-0.26393815914371777,0,1.4993105714084567,-0.5195152268181417,-0.4704140988946123,-0.4599064359245602,2,1
-0.26393815914371777,1,-2.1118026481207224,-0.5195152268181417,1.7092533226851359,-0.13616321094508954,2,1
-1.4318645133546681,0,0.6914552650260901,-0.5195152268181417,-0.4704140988946123,1.2620575282905704,0,1
-0.26393815914371777,0,0.9117794394940083,-0.5195152268181417,-0.4704140988946123,-0.416157351467875,2,1
0.9039881950672326,1,-0.1164000413562765,-0.5195152268181417,-0.4704140988946123,-0.5056242291817963,2,1
0.9039881950672326,0,-0.1164000413562765,0.4954317394822013,-0.4704140988946123,-0.36190848674158527,2,1
-1.4318645133546681,0,0.6914552650260901,0.4954317394822013,0.6194196118952618,0.7501932401473532,2,1
-1.4318645133546681,0,1.0586622224726203,-0.5195152268181417,0.6194196118952618,0.37096217636977946,0,1
0.9039881950672326,1,0.3609690033242129,-0.5195152268181417,-0.4704140988946123,-0.5066444578313262,1,0
0.9039881950672326,0,-1.1078588264619083,0.4954317394822013,-0.4704140988946123,-0.39070938402111033,0,0
-1.4318645133546681,0,-0.4101656073135007,-0.5195152268181417,-0.4704140988946123,0.5690720304966762,0,1
0.9039881950672326,1,-1.2914623051851735,0.4954317394822013,-0.4704140988946123,-0.4469269575479508,0,1
-0.26393815914371777,1,-0.26328282433488864,-0.5195152268181417,-0.4704140988946123,-0.416157351467875,2,0
0.9039881950672326,0,-1.3649036966744794,3.54027263838323,1.7092533226851359,-0.09635154408950601,2,0
0.9039881950672326,1,0.6914552650260901,-0.5195152268181417,1.7092533226851359,-0.5171442381009307,0,0
-0.26393815914371777,0,-0.6304897817814189,-0.5195152268181417,0.6194196118952618,-0.2761602812064823,2,1
-0.26393815914371777,1,-0.4836069988028068,-0.5195152268181417,-0.4704140988946123,-0.416157351467875,2,0
-0.26393815914371777,0,-0.4101656073135007,-0.5195152268181417,1.7092533226851359,-0.38990790079386384,2,1
-1.4318645133546681,0,-0.9242553477386432,0.4954317394822013,-0.4704140988946123,1.2620575282905704,0,1
-1.4318645133546681,1,1.2789863969405386,-0.5195152268181417,-0.4704140988946123,0.2663283660564145,2,0
0.9039881950672326,1,0.17736552460094773,0.4954317394822013,-0.4704140988946123,-0.36628339518725384,2,0
-1.4318645133546681,0,0.2508069160902538,-0.5195152268181417,-0.4704140988946123,0.8700657315586706,2,1
0.9039881950672326,0,-0.1164000413562765,-0.5195152268181417,-0.4704140988946123,-0.5172177365628179,0,1
-0.26393815914371777,1,-0.777372564760031,0.4954317394822013,0.6194196118952618,-0.0005410491293653436,2,0
-1.4318645133546681,1,0.544572482047478,0.4954317394822013,0.6194196118952618,0.27602666309877255,2,1
0.9039881950672326,1,-0.6304897817814189,-0.5195152268181417,-0.4704140988946123,-0.5075929379823472,2,0
0.9039881950672326,1,-0.5570483902921128,-0.5195152268181417,-0.4704140988946123,-0.5027805386921117,2,0
0.9039881950672326,0,-0.703931173270725,0.4954317394822013,-0.4704140988946123,-0.47171868872786527,2,0
0.9039881950672326,1,3.261903967151802,-0.5195152268181417,-0.4704140988946123,-0.5075929379823472,2,0
0.9039881950672326,1,-0.1164000413562765,0.4954317394822013,0.6194196118952618,-0.38990790079386384,2,0
-1.4318645133546681,0,-0.04295864986697045,-0.5195152268181417,-0.4704140988946123,3.2374021899717955,2,1
0.9039881950672326,1,-0.18984143284558255,-0.5195152268181417,-0.4704140988946123,-0.5172177365628179,0,0
-0.26393815914371777,0,-0.4101656073135007,1.5103787057825442,0.6194196118952618,-0.17116247851043773,2,1
-1.4318645133546681,1,1.8665175288549871,-0.5195152268181417,-0.4704140988946123,-0.10991376027107841,2,0
0.9039881950672326,1,-0.1164000413562765,0.4954317394822013,-0.4704140988946123,-0.5309986981666737,0,0
0.9039881950672326,1,-1.2180209136958673,-0.5195152268181417,1.7092533226851359,-0.2892850065434878,2,0
0.9039881950672326,1,-0.6304897817814189,-0.5195152268181417,-0.4704140988946123,-0.516780245718251,2,0
-1.4318645133546681,1,1.719634745876375,-0.5195152268181417,-0.4704140988946123,-0.1449130278364266,0,1
-1.4318645133546681,1,0.7648966565153962,-0.5195152268181417,-0.4704140988946123,-0.15854874247988623,0,0
-1.4318645133546681,0,-0.5570483902921128,-0.5195152268181417,0.6194196118952618,0.44096071150047583,0,1
-0.26393815914371777,1,-0.8508139562493371,-0.5195152268181417,-0.4704140988946123,0.6425704923839075,2,0
0.9039881950672326,1,-0.1164000413562765,-0.5195152268181417,-0.4704140988946123,-0.5054789822214001,0,0
-1.4318645133546681,1,-0.1164000413562765,-0.5195152268181417,-0.4704140988946123,-0.17903731371264106,2,0
-1.4318645133546681,0,1.3524277884298446,0.4954317394822013,0.6194196118952618,0.7423184049451499,0,1
0.9039881950672326,1,0.17736552460094773,-0.5195152268181417,-0.4704140988946123,-0.5110193662769947,2,1
0.9039881950672326,1,0.7648966565153962,-0.5195152268181417,-0.4704140988946123,-0.5054789822214001,2,0
-0.26393815914371777,1,-0.814093260504684,-0.5195152268181417,-0.4704140988946123,-0.416157351467875,2,0
-1.4318645133546681,1,-0.4101656073135007,0.4954317394822013,-0.4704140988946123,0.40632543631780726,2,0
0.9039881950672326,1,-0.4101656073135007,-0.5195152268181417,-0.4704140988946123,-0.5027805386921117,2,0
-1.4318645133546681,1,2.3071658777908235,-0.5195152268181417,-0.4704140988946123,-0.07805042707958545,2,0
0.9039881950672326,1,0.2508069160902538,-0.5195152268181417,-0.4704140988946123,-0.5054789822214001,2,0
-1.4318645133546681,1,1.719634745876375,0.4954317394822013,0.6194196118952618,0.7888376814296324,2,1
0.9039881950672326,1,-0.703931173270725,-0.5195152268181417,-0.4704140988946123,-0.5171442381009307,0,1
-0.26393815914371777,0,-0.26328282433488864,-0.5195152268181417,-0.4704140988946123,-0.40740753457653794,2,1
-1.4318645133546681,0,0.7648966565153962,-0.5195152268181417,-0.4704140988946123,2.0418849587309844,2,1
0.9039881950672326,1,2.27044518204617,-0.5195152268181417,-0.4704140988946123,-0.39070938402111033,2,0
-0.26393815914371777,1,-0.777372564760031,-0.5195152268181417,-0.4704140988946123,-0.416157351467875,2,0
-1.4318645133546681,1,-0.1164000413562765,-0.5195152268181417,-0.4704140988946123,-0.11866357716241546,2,1
-0.26393815914371777,0,-0.5570483902921128,0.4954317394822013,1.7092533226851359,0.08396818233392438,0,1
-1.4318645133546681,1,-0.1164000413562765,-0.5195152268181417,-0.4704140988946123,-0.17903731371264106,2,1
0.9039881950672326,1,0.6914552650260901,-0.5195152268181417,-0.4704140988946123,-0.504967992914946,2,0
-0.26393815914371777,1,0.030482741622335607,-0.5195152268181417,-0.4704140988946123,-0.42075100533582693,0,1
-0.26393815914371777,1,-0.33672421582419465,-0.5195152268181417,-0.4704140988946123,-0.416157351467875,2,0
-1.4318645133546681,1,-0.1164000413562765,-0.5195152268181417,-0.4704140988946123,-0.031165408249045002,2,0
-0.26393815914371777,0,-1.878993437099622,1.5103787057825442,0.6194196118952618,0.03883312688165136,2,1
-1.4318645133546681,1,-0.1164000413562765,-0.5195152268181417,-0.4704140988946123,-0.15854874247988623,0,0
-0.26393815914371777,0,-0.04295864986697045,-0.5195152268181417,-0.4704140988946123,-0.4599064359245602,2,1
0.9039881950672326,0,-1.5117864796530915,0.4954317394822013,0.6194196118952618,-0.37685667391874555,0,1
0.9039881950672326,0,-0.1164000413562765,2.525325672082887,0.6194196118952618,-0.19799466698941193,2,0
0.9039881950672326,1,-0.4101656073135007,-0.5195152268181417,-0.4704140988946123,-0.4804685056192023,2,0
0.9039881950672326,1,-0.9976967392279492,0.4954317394822013,2.7990870334750095,-0.04210267936321631,2,0
-0.26393815914371777,1,0.39768969906886587,-0.5195152268181417,-0.4704140988946123,-0.4275321134266131,1,0
-0.26393815914371777,1,-0.1164000413562765,-0.5195152268181417,-0.4704140988946123,-0.6436525906426381,2,0
-0.26393815914371777,1,-0.18984143284558255,-0.5195152268181417,-0.4704140988946123,-0.18866211229311183,2,0
-1.4318645133546681,0,-0.18984143284558255,0.4954317394822013,1.7092533226851359,0.2663283660564145,2,1
-0.26393815914371777,0,-0.9242553477386432,-0.5195152268181417,-0.4704140988946123,-0.4599064359245602,2,1
-1.4318645133546681,0,-0.4836069988028068,0.4954317394822013,-0.4704140988946123,1.3386184260897696,0,1
-0.26393815914371777,1,-0.1164000413562765,-0.5195152268181417,-0.4704140988946123,-0.4562612622076292,1,0
0.9039881950672326,0,1.1321036139619265,-0.5195152268181417,-0.4704140988946123,-0.5172177365628179,0,1
0.9039881950672326,1,-0.1164000413562765,-0.5195152268181417,-0.4704140988946123,-0.5075929379823472,2,1
-1.4318645133546681,0,0.39768969906886587,-0.5195152268181417,-0.4704140988946123,1.7298804880929315,2,1
0.9039881950672326,1,0.32424830757955986,-0.5195152268181417,-0.4704140988946123,-0.5299784695171439,2,0
0.9039881950672326,1,-1.2180209136958673,3.54027263838323,1.7092533226851359,-0.09438283528895516,2,0
-0.26393815914371777,0,0.4711310905581719,0.4954317394822013,-0.4704140988946123,-0.18866211229311183,2,1
0.9039881950672326,0,0.030482741622335607,0.4954317394822013,-0.4704140988946123,-0.37153328532205604,2,0
0.9039881950672326,1,0.4711310905581719,-0.5195152268181417,-0.4704140988946123,-0.5054789822214001,2,0
-1.4318645133546681,1,0.544572482047478,0.4954317394822013,-0.4704140988946123,0.28557796321735607,2,0
-0.26393815914371777,1,0.2508069160902538,-0.5195152268181417,-0.4704140988946123,-0.4288445859603137,2,0
-0.26393815914371777,0,-0.5570483902921128,0.4954317394822013,0.6194196118952618,-0.13616321094508954,2,1
0.9039881950672326,1,0.10392413311164167,-0.5195152268181417,-0.4704140988946123,-0.508030428826914,1,0
-1.4318645133546681,0,0.4711310905581719,-0.5195152268181417,-0.4704140988946123,3.9478138230864763,0,1
-0.26393815914371777,1,-2.025876220078234,0.4954317394822013,0.6194196118952618,-0.2411610136411341,2,1
0.9039881950672326,1,-0.777372564760031,-0.5195152268181417,-0.4704140988946123,-0.5075929379823472,2,0
0.9039881950672326,0,-0.1164000413562765,0.4954317394822013,-0.4704140988946123,-0.39063763552260133,0,0
0.9039881950672326,1,0.6914552650260901,-0.5195152268181417,0.6194196118952618,-0.40886525407063473,0,1
-1.4318645133546681,0,0.6914552650260901,0.4954317394822013,0.6194196118952618,1.296764551971748,0,1
0.9039881950672326,1,-0.777372564760031,-0.5195152268181417,-0.4704140988946123,-0.5255300626095881,1,0
-1.4318645133546681,0,-0.1164000413562765,2.525325672082887,1.7092533226851359,3.9587510942006476,2,1
-1.4318645133546681,1,0.030482741622335607,0.4954317394822013,-0.4704140988946123,0.36695126030679054,0,1
0.9039881950672326,1,-0.703931173270725,0.4954317394822013,-0.4704140988946123,-0.504967992914946,2,1
-1.4318645133546681,0,1.8665175288549871,-0.5195152268181417,-0.4704140988946123,-0.15854874247988623,0,1
-1.4318645133546681,0,-0.777372564760031,-0.5195152268181417,-0.4704140988946123,-0.11866357716241546,2,1
-1.4318645133546681,1,1.4993105714084567,-0.5195152268181417,-0.4704140988946123,-0.18866211229311183,2,0
-0.26393815914371777,0,0.10392413311164167,0.4954317394822013,0.6194196118952618,-0.1842872038474433,2,1
0.9039881950672326,1,-0.1164000413562765,-0.5195152268181417,-0.4704140988946123,-0.5083226727110847,1,0
0.9039881950672326,0,-0.4836069988028068,-0.5195152268181417,-0.4704140988946123,-0.504967992914946,2,0
0.9039881950672326,1,0.7648966565153962,0.4954317394822013,4.978754455054758,-0.09438283528895516,2,0
-0.26393815914371777,1,-1.5852278711423977,-0.5195152268181417,1.7092533226851359,-0.07491449270573022,2,1
-1.4318645133546681,1,1.4258691799191507,-0.5195152268181417,-0.4704140988946123,-0.6436525906426381,2,1
0.9039881950672326,0,-1.5117864796530915,1.5103787057825442,1.7092533226851359,-0.04210267936321631,2,0
-0.26393815914371777,0,-0.1164000413562765,-0.5195152268181417,-0.4704140988946123,-0.2761602812064823,2,0
-1.4318645133546681,0,0.2508069160902538,0.4954317394822013,-0.4704140988946123,0.28557796321735607,2,1
-0.26393815914371777,0,2.0134003118335992,-0.5195152268181417,-0.4704140988946123,-0.4599064359245602,2,0
-0.26393815914371777,1,-0.1164000413562765,-0.5195152268181417,-0.4704140988946123,-0.40740753457653794,2,0
0.9039881950672326,0,-0.18984143284558255,-0.5195152268181417,-0.4704140988946123,-0.5057694761421925,1,0
0.9039881950672326,1,-0.5203276945474599,-0.5195152268181417,-0.4704140988946123,-0.5172177365628179,0,0
0.9039881950672326,0,-0.9242553477386432,3.54027263838323,1.7092533226851359,-0.504967992914946,2,1
-0.26393815914371777,1,0.9852208309833144,0.4954317394822013,0.6194196118952618,-0.1842872038474433,2,0
-1.4318645133546681,1,0.9117794394940083,-0.5195152268181417,-0.4704140988946123,-0.183630967580593,2,1
0.9039881950672326,1,-0.4836069988028068,-0.5195152268181417,-0.4704140988946123,-0.4822184689974697,2,0
0.9039881950672326,1,-0.8508139562493371,0.4954317394822013,-0.4704140988946123,-0.39070938402111033,0,0
-1.4318645133546681,1,-0.1164000413562765,-0.5195152268181417,-0.4704140988946123,-0.022415591357707956,2,1
0.9039881950672326,0,-0.04295864986697045,0.4954317394822013,0.6194196118952618,-0.4605626721914105,2,0
0.9039881950672326,0,-1.0711381307172552,-0.5195152268181417,-0.4704140988946123,-0.5172177365628179,0,1
-0.26393815914371777,0,-0.4101656073135007,0.4954317394822013,0.6194196118952618,0.003907357778190363,0,1
0.9039881950672326,1,-0.33672421582419465,-0.5195152268181417,-0.4704140988946123,-0.5097803922051815,2,0
-1.4318645133546681,0,0.618013873536784,-0.5195152268181417,-0.4704140988946123,0.7563181119712891,2,1
0.9039881950672326,1,0.32424830757955986,0.4954317394822013,0.6194196118952618,-0.3916578641721313,2,0
0.9039881950672326,1,-0.6304897817814189,-0.5195152268181417,-0.4704140988946123,-0.5072289455996675,2,1
-1.4318645133546681,0,1.4993105714084567,-0.5195152268181417,-0.4704140988946123,-0.14119435565760838,0,0
-0.26393815914371777,0,1.4993105714084567,-0.5195152268181417,0.6194196118952618,-0.18866211229311183,2,1
-1.4318645133546681,0,-0.4836069988028068,2.525325672082887,1.7092533226851359,3.9587510942006476,2,1
0.9039881950672326,0,0.618013873536784,3.54027263838323,1.7092533226851359,-0.5075929379823472,2,0
0.9039881950672326,1,-1.878993437099622,3.54027263838323,1.7092533226851359,-0.09635154408950601,2,0
0.9039881950672326,1,-0.4836069988028068,-0.5195152268181417,-0.4704140988946123,-0.5062069669867594,2,0
-0.26393815914371777,1,0.17736552460094773,-0.5195152268181417,-0.4704140988946123,-0.416157351467875,2,0
-0.26393815914371777,0,-0.1164000413562765,-0.5195152268181417,-0.4704140988946123,-0.416157351467875,2,1
0.9039881950672326,1,-0.9242553477386432,0.4954317394822013,-0.4704140988946123,-0.5202066740128986,2,0
-0.26393815914371777,0,0.32424830757955986,-0.5195152268181417,-0.4704140988946123,-0.416157351467875,2,1
0.9039881950672326,1,0.17736552460094773,-0.5195152268181417,-0.4704140988946123,-0.4973119031350261,2,0
-1.4318645133546681,0,0.9852208309833144,-0.5195152268181417,0.6194196118952618,3.054676263903248,2,1
0.9039881950672326,1,0.544572482047478,1.5103787057825442,-0.4704140988946123,-0.504967992914946,2,0
-1.4318645133546681,1,1.939958920344293,-0.5195152268181417,-0.4704140988946123,-0.10648733197643086,0,0
-1.4318645133546681,1,0.2508069160902538,-0.5195152268181417,-0.4704140988946123,-0.5561544217292678,2,0
-0.26393815914371777,0,-0.703931173270725,-0.5195152268181417,-0.4704140988946123,-0.0005410491293653436,2,1
0.9039881950672326,0,-0.1164000413562765,-0.5195152268181417,3.8889207442648837,-0.19799466698941193,2,0
-1.4318645133546681,0,-0.18984143284558255,0.4954317394822013,0.6194196118952618,3.6878707629518788,0,1
-1.4318645133546681,0,1.719634745876375,-0.5195152268181417,-0.4704140988946123,-0.16336114177012165,0,1
-0.26393815914371777,1,-0.4101656073135007,1.5103787057825442,-0.4704140988946123,0.6425704923839075,2,0
0.9039881950672326,1,-1.5117864796530915,-0.5195152268181417,0.6194196118952618,-0.5881647518445352,2,1
0.9039881950672326,0,-1.5117864796530915,3.54027263838323,1.7092533226851359,-0.09635154408950601,2,0
0.9039881950672326,1,0.39768969906886587,-0.5195152268181417,-0.4704140988946123,-0.5189676999410853,2,0
0.9039881950672326,1,-1.1078588264619083,7.6000605035846025,1.7092533226851359,0.5734469389423448,2,0
0.9039881950672326,1,0.17736552460094773,-0.5195152268181417,-0.4704140988946123,0.3450032196165608,2,1
0.9039881950672326,1,0.10392413311164167,-0.5195152268181417,-0.4704140988946123,-0.504967992914946,2,1
0.9039881950672326,1,-0.4101656073135007,1.5103787057825442,-0.4704140988946123,-0.22103643479105892,2,0
0.9039881950672326,1,0.030482741622335607,-0.5195152268181417,-0.4704140988946123,-0.516780245718251,2,0
-1.4318645133546681,1,0.10392413311164167,0.4954317394822013,-0.4704140988946123,0.353826534969785,2,1
0.9039881950672326,1,0.4711310905581719,-0.5195152268181417,-0.4704140988946123,-0.4774060697072343,2,0
-0.26393815914371777,1,2.4540486607694354,0.4954317394822013,-0.4704140988946123,-0.18866211229311183,2,0
-1.4318645133546681,1,-0.1164000413562765,-0.5195152268181417,-0.4704140988946123,-0.1931822676991765,0,1
0.9039881950672326,1,0.39768969906886587,-0.5195152268181417,-0.4704140988946123,-0.5027805386921117,2,0
-0.26393815914371777,1,0.32424830757955986,-0.5195152268181417,-0.4704140988946123,-0.416157351467875,2,1
0.9039881950672326,0,-1.4383450881637856,-0.5195152268181417,1.7092533226851359,-0.22103643479105892,2,0
-0.26393815914371777,1,-0.04295864986697045,-0.5195152268181417,-0.4704140988946123,-0.40113741579220585,0,1
-1.4318645133546681,0,-0.8508139562493371,0.4954317394822013,-0.4704140988946123,0.40632543631780726,2,1
-1.4318645133546681,0,0.39768969906886587,-0.5195152268181417,-0.4704140988946123,8.321920785527753,0,1
0.9039881950672326,1,-0.814093260504684,-0.5195152268181417,-0.4704140988946123,-0.5171442381009307,0,0
-0.26393815914371777,0,-0.18984143284558255,-0.5195152268181417,-0.4704140988946123,-0.4599064359245602,2,1
0.9039881950672326,1,-0.4101656073135007,-0.5195152268181417,-0.4704140988946123,-0.4774060697072343,2,0
-0.26393815914371777,1,0.9117794394940083,0.4954317394822013,0.6194196118952618,-0.07491449270573022,2,0
0.9039881950672326,1,-1.7321106541210098,0.4954317394822013,0.6194196118952618,-0.37685667391874555,0,0
-0.26393815914371777,0,-0.777372564760031,-0.5195152268181417,-0.4704140988946123,-0.18866211229311183,2,1
-1.4318645133546681,1,-0.1164000413562765,-0.5195152268181417,-0.4704140988946123,0.09833188174274324,2,0
0.9039881950672326,1,-0.703931173270725,0.4954317394822013,0.6194196118952618,-0.3681786055259174,0,1
0.9039881950672326,0,-0.9242553477386432,-0.5195152268181417,-0.4704140988946123,-0.39063763552260133,0,0
-0.26393815914371777,1,2.9681384011945777,-0.5195152268181417,-0.4704140988946123,-0.4599064359245602,2,0
-1.4318645133546681,1,-0.1164000413562765,-0.5195152268181417,-0.4704140988946123,-0.18997458482681237,2,0
0.9039881950672326,1,0.7648966565153962,0.4954317394822013,0.6194196118952618,-0.3724082670111898,1,0
0.9039881950672326,1,-0.18984143284558255,-0.5195152268181417,-0.4704140988946123,-0.5054789822214001,2,0
0.9039881950672326,1,-0.1164000413562765,1.5103787057825442,-0.4704140988946123,-0.23678610519546556,1,1
0.9039881950672326,1,-0.1164000413562765,-0.5195152268181417,-0.4704140988946123,-0.4956354382186459,1,0
-1.4318645133546681,1,1.3524277884298446,-0.5195152268181417,-0.4704140988946123,-0.17903731371264106,2,1
0.9039881950672326,1,-0.1164000413562765,-0.5195152268181417,-0.4704140988946123,-0.4911870313110902,0,0
-1.4318645133546681,1,3.041579792683884,-0.5195152268181417,-0.4704140988946123,-0.03721678161109365,0,0
-0.26393815914371777,1,-0.9976967392279492,-0.5195152268181417,-0.4704140988946123,-0.4599064359245602,2,0
0.9039881950672326,1,-0.703931173270725,-0.5195152268181417,-0.4704140988946123,-0.504967992914946,2,1
-1.4318645133546681,0,-0.9976967392279492,-0.5195152268181417,-0.4704140988946123,0.8700657315586706,2,1
0.9039881950672326,0,-0.1164000413562765,7.6000605035846025,1.7092533226851359,0.5734469389423448,2,0
0.9039881950672326,1,-0.1164000413562765,-0.5195152268181417,-0.4704140988946123,-0.5171442381009307,0,0
-0.26393815914371777,1,-0.1164000413562765,-0.5195152268181417,-0.4704140988946123,-0.3802831022133931,0,0
-1.4318645133546681,0,0.618013873536784,-0.5195152268181417,-0.4704140988946123,3.3379515857602846,0,1
0.9039881950672326,1,-0.1164000413562765,-0.5195152268181417,-0.4704140988946123,-0.5211551541639196,2,0
-1.4318645133546681,1,0.030482741622335607,-0.5195152268181417,-0.4704140988946123,-0.18866211229311183,2,0
0.9039881950672326,1,-0.6672104775260719,-0.5195152268181417,-0.4704140988946123,-0.516780245718251,2,0
-0.26393815914371777,0,-1.2914623051851735,-0.5195152268181417,-0.4704140988946123,-0.3680333585655213,2,1
0.9039881950672326,1,0.17736552460094773,-0.5195152268181417,-0.4704140988946123,-0.5054789822214001,2,0
0.9039881950672326,1,-0.9976967392279492,-0.5195152268181417,-0.4704140988946123,-0.5027805386921117,2,0
0.9039881950672326,1,-0.9242553477386432,1.5103787057825442,-0.4704140988946123,-0.5027805386921117,2,0
-1.4318645133546681,0,1.6461933543870688,0.4954317394822013,0.6194196118952618,0.9925631680373893,2,1
-1.4318645133546681,1,1.2055450054512324,0.4954317394822013,-0.4704140988946123,0.4268875060124493,2,0
-1.4318645133546681,1,-0.33672421582419465,-0.5195152268181417,-0.4704140988946123,-0.18866211229311183,0,0
0.9039881950672326,1,1.0586622224726203,-0.5195152268181417,-0.4704140988946123,-0.504967992914946,2,1
0.9039881950672326,1,-0.4101656073135007,0.4954317394822013,-0.4704140988946123,-0.36190848674158527,2,0
0.9039881950672326,0,-0.1164000413562765,-0.5195152268181417,-0.4704140988946123,-0.5171442381009307,0,1
-1.4318645133546681,0,1.1321036139619265,-0.5195152268181417,0.6194196118952618,0.3958256560482028,0,1
-0.26393815914371777,1,-0.6304897817814189,0.4954317394822013,-0.4704140988946123,-0.44240680214188616,2,0
0.9039881950672326,1,-0.703931173270725,-0.5195152268181417,-0.4704140988946123,-0.4822184689974697,2,0
0.9039881950672326,0,-0.8508139562493371,-0.5195152268181417,-0.4704140988946123,-0.5027805386921117,2,1
0.9039881950672326,1,0.2508069160902538,-0.5195152268181417,-0.4704140988946123,-0.5054789822214001,0,0
0.9039881950672326,1,0.17736552460094773,-0.5195152268181417,-0.4704140988946123,-0.2494733396879043,2,0
0.9039881950672326,1,0.06720343736698864,-0.5195152268181417,-0.4704140988946123,-0.5027805386921117,2,0
-1.4318645133546681,1,0.618013873536784,-0.5195152268181417,0.6194196118952618,2.0418849587309844,2,0
0.9039881950672326,1,0.030482741622335607,-0.5195152268181417,-0.4704140988946123,-0.4774060697072343,2,1
-0.26393815914371777,1,-2.1118026481207224,0.4954317394822013,0.6194196118952618,-0.31553445721749895,2,1
-1.4318645133546681,0,0.8383380480047022,-0.5195152268181417,-0.4704140988946123,1.710048153127027,0,1
-1.4318645133546681,1,0.32424830757955986,-0.5195152268181417,-0.4704140988946123,-0.17903731371264106,2,1
0.9039881950672326,1,0.4711310905581719,0.4954317394822013,-0.4704140988946123,-0.37153328532205604,2,0
0.9039881950672326,0,-0.1164000413562765,-0.5195152268181417,1.7092533226851359,-0.37685667391874555,0,1
0.9039881950672326,0,-0.26328282433488864,0.4954317394822013,-0.4704140988946123,-0.36190848674158527,2,0
-1.4318645133546681,0,-0.33672421582419465,0.4954317394822013,1.7092533226851359,2.0084169091216206,2,0
0.9039881950672326,1,-0.1164000413562765,-0.5195152268181417,-0.4704140988946123,-0.5309986981666737,0,0
-1.4318645133546681,0,-0.1164000413562765,0.4954317394822013,-0.4704140988946123,0.2639221664112968,2,1
0.9039881950672326,1,-2.1485233438653752,-0.5195152268181417,1.7092533226851359,-0.3916578641721313,2,0
0.9039881950672326,1,-0.33672421582419465,-0.5195152268181417,-0.4704140988946123,-0.4774060697072343,2,1
-0.26393815914371777,0,-0.18984143284558255,0.4954317394822013,-0.4704140988946123,-0.2761602812064823,2,0
-0.26393815914371777,1,0.030482741622335607,0.4954317394822013,0.6194196118952618,-0.18866211229311183,2,0
0.9039881950672326,1,-0.1164000413562765,-0.5195152268181417,-0.4704140988946123,-0.2494733396879043,2,0
-0.26393815914371777,1,0.7648966565153962,-0.5195152268181417,-0.4704140988946123,-0.3636584501198527,2,0
-1.4318645133546681,0,-0.4836069988028068,0.4954317394822013,-0.4704140988946123,0.7959845318664764,2,1
-1.4318645133546681,1,1.1321036139619265,-0.5195152268181417,-0.4704140988946123,-0.1239134672972177,0,1
-1.4318645133546681,1,-0.4836069988028068,-0.5195152268181417,0.6194196118952618,0.4650944564501617,0,1
-1.4318645133546681,0,1.1321036139619265,-0.5195152268181417,-0.4704140988946123,3.9478138230864763,0,1
-1.4318645133546681,1,-0.1164000413562765,-0.5195152268181417,-0.4704140988946123,-0.10648733197643086,0,0
0.9039881950672326,1,-0.1164000413562765,-0.5195152268181417,-0.4704140988946123,-0.5082491742491974,1,0
0.9039881950672326,1,-0.703931173270725,-0.5195152268181417,-0.4704140988946123,-0.5172177365628179,0,0
0.9039881950672326,1,0.39768969906886587,-0.5195152268181417,-0.4704140988946123,-0.5202801724747859,2,0
0.9039881950672326,1,-0.8508139562493371,-0.5195152268181417,-0.4704140988946123,-0.5072289455996675,2,0
0.9039881950672326,0,-0.33672421582419465,-0.5195152268181417,-0.4704140988946123,-0.5075929379823472,2,0
-0.26393815914371777,0,-0.4101656073135007,-0.5195152268181417,-0.4704140988946123,-0.416157351467875,2,1
-1.4318645133546681,0,-0.1164000413562765,-0.5195152268181417,-0.4704140988946123,1.296764551971748,0,1
0.9039881950672326,0,-0.18984143284558255,-0.5195152268181417,1.7092533226851359,-0.44882391784999276,2,1
-0.26393815914371777,1,-2.09931761156754,1.5103787057825442,0.6194196118952618,0.03883312688165136,2,1
0.9039881950672326,1,-0.1164000413562765,-0.5195152268181417,-0.4704140988946123,0.3450032196165608,2,0
-0.26393815914371777,1,0.544572482047478,0.4954317394822013,-0.4704140988946123,-0.18866211229311183,2,0
-0.26393815914371777,1,-1.952434828588928,0.4954317394822013,0.6194196118952618,-0.18866211229311183,2,1
0.9039881950672326,1,-0.8508139562493371,-0.5195152268181417,-0.4704140988946123,-0.508030428826914,2,0
0.9039881950672326,1,-2.09931761156754,4.555219604683574,1.7092533226851359,0.17708023376477666,2,0
-1.4318645133546681,1,-0.1164000413562765,-0.5195152268181417,-0.4704140988946123,0.2639221664112968,2,0
0.9039881950672326,1,-0.4101656073135007,-0.5195152268181417,-0.4704140988946123,-0.5054789822214001,2,0
0.9039881950672326,1,-0.1164000413562765,-0.5195152268181417,-0.4704140988946123,-0.5016868115806946,2,1
-0.26393815914371777,1,0.8383380480047022,-0.5195152268181417,-0.4704140988946123,-0.416157351467875,2,0
-1.4318645133546681,1,0.9117794394940083,-0.5195152268181417,-0.4704140988946123,-0.17903731371264106,2,0
-1.4318645133546681,1,0.21408622034560074,-0.5195152268181417,-0.4704140988946123,3.057519954392932,0,0
0.9039881950672326,1,-0.04295864986697045,0.4954317394822013,-0.4704140988946123,-0.5203536709366731,2,0
0.9039881950672326,1,-0.26328282433488864,-0.5195152268181417,-0.4704140988946123,-0.5075929379823472,2,1
0.9039881950672326,1,-0.1164000413562765,0.4954317394822013,-0.4704140988946123,-0.36628339518725384,2,0
-1.4318645133546681,1,-0.4101656073135007,-0.5195152268181417,-0.4704140988946123,0.7423184049451499,0,0
-1.4318645133546681,0,1.4993105714084567,0.4954317394822013,0.6194196118952618,3.057519954392932,0,1
0.9039881950672326,1,-0.6304897817814189,-0.5195152268181417,-0.4704140988946123,-0.5027805386921117,2,0
0.9039881950672326,0,-0.1164000413562765,-0.5195152268181417,1.7092533226851359,-0.2523905286394761,0,1
-0.26393815914371777,1,2.2337244863015173,0.4954317394822013,0.6194196118952618,0.03883312688165136,2,0
0.9039881950672326,1,-0.4101656073135007,-0.5195152268181417,-0.4704140988946123,-0.49206201300022384,2,0
0.9039881950672326,1,-0.18984143284558255,-0.5195152268181417,-0.4704140988946123,-0.5072289455996675,2,1
-1.4318645133546681,1,0.4711310905581719,-0.5195152268181417,-0.4704140988946123,-0.183630967580593,2,1
0.9039881950672326,0,-1.878993437099622,-0.5195152268181417,1.7092533226851359,-0.25822315657924133,2,1
-0.26393815914371777,0,-2.09931761156754,0.4954317394822013,1.7092533226851359,0.08396818233392438,0,1
-0.26393815914371777,1,0.10392413311164167,-0.5195152268181417,-0.4704140988946123,-0.4599064359245602,2,0
0.9039881950672326,0,-1.1445795222065613,0.4954317394822013,-0.4704140988946123,-0.4469269575479508,0,1
0.9039881950672326,1,-0.18984143284558255,-0.5195152268181417,-0.4704140988946123,-0.5062069669867594,2,0
0.9039881950672326,1,-0.9976967392279492,0.4954317394822013,0.6194196118952618,-0.2892850065434878,2,0
-0.26393815914371777,1,0.507851786302825,-0.5195152268181417,1.7092533226851359,-0.18866211229311183,2,0
-1.4318645133546681,1,-0.9242553477386432,-0.5195152268181417,1.7092533226851359,1.296764551971748,0,1
0.9039881950672326,1,1.4993105714084567,-0.5195152268181417,-0.4704140988946123,-0.5027805386921117,2,0
0.9039881950672326,0,-0.777372564760031,0.4954317394822013,-0.4704140988946123,-0.5062069669867594,2,1
0.9039881950672326,1,2.3071658777908235,-0.5195152268181417,-0.4704140988946123,-0.5344986249232085,2,0
-1.4318645133546681,1,1.5727519628977629,-0.5195152268181417,0.6194196118952618,0.4304609312308713,0,0
0.9039881950672326,0,-0.5570483902921128,-0.5195152268181417,-0.4704140988946123,-0.5084679196714808,1,1
0.9039881950672326,0,-0.4836069988028068,-0.5195152268181417,-0.4704140988946123,-0.5115303555834488,2,1
0.9039881950672326,0,-1.8055520456103158,-0.5195152268181417,-0.4704140988946123,-0.4253446592037789,2,1
0.9039881950672326,1,-0.1164000413562765,-0.5195152268181417,-0.4704140988946123,-0.5110928647388819,2,0
0.9039881950672326,0,-0.6304897817814189,-0.5195152268181417,-0.4704140988946123,-0.508030428826914,1,0
0.9039881950672326,1,-0.1164000413562765,-0.5195152268181417,-0.4704140988946123,-0.516780245718251,2,0
-1.4318645133546681,1,1.793076137365681,-0.5195152268181417,0.6194196118952618,0.7088503553357856,2,0
-0.26393815914371777,1,-0.4101656073135007,-0.5195152268181417,-0.4704140988946123,-0.4599064359245602,2,1
0.9039881950672326,1,0.9117794394940083,-0.5195152268181417,-0.4704140988946123,-0.49206201300022384,2,0
-0.26393815914371777,1,-0.4836069988028068,0.4954317394822013,-0.4704140988946123,-0.4599064359245602,2,0
-1.4318645133546681,0,1.3524277884298446,-0.5195152268181417,-0.4704140988946123,-0.18990108636492511,2,1
-1.4318645133546681,0,-0.33672421582419465,0.4954317394822013,-0.4704140988946123,0.3265568556462439,0,1
0.9039881950672326,0,-0.1164000413562765,-0.5195152268181417,-0.4704140988946123,-0.5073741925600637,1,1
0.9039881950672326,1,0.9852208309833144,-0.5195152268181417,-0.4704140988946123,-0.5307799527443903,2,0
0.9039881950672326,1,-0.04295864986697045,-0.5195152268181417,-0.4704140988946123,-0.5062069669867594,2,0
0.9039881950672326,1,0.7648966565153962,0.4954317394822013,6.0685881658446315,0.17708023376477666,2,0
0.9039881950672326,1,-0.5570483902921128,-0.5195152268181417,-0.4704140988946123,-0.5171442381009307,0,0
-1.4318645133546681,0,-0.5570483902921128,0.4954317394822013,-0.4704140988946123,0.5218230192834562,2,1
-1.4318645133546681,1,0.39768969906886587,-0.5195152268181417,-0.4704140988946123,8.321920785527753,0,1
-1.4318645133546681,1,2.0134003118335992,0.4954317394822013,0.6194196118952618,2.241454282315357,2,0
0.9039881950672326,1,-0.26328282433488864,-0.5195152268181417,-0.4704140988946123,-0.5054789822214001,2,0
0.9039881950672326,1,-0.26328282433488864,-0.5195152268181417,-0.4704140988946123,-0.31487822095064866,0,1
0.9039881950672326,1,-0.3734449115688477,-0.5195152268181417,-0.4704140988946123,-0.5027805386921117,2,0
-0.26393815914371777,1,-0.1164000413562765,-0.5195152268181417,0.6194196118952618,-0.06616467581439318,2,0
0.9039881950672326,1,0.4711310905581719,-0.5195152268181417,-0.4704140988946123,-0.516780245718251,2,0
-0.26393815914371777,1,1.2055450054512324,-0.5195152268181417,-0.4704140988946123,-0.18866211229311183,2,0
-1.4318645133546681,0,2.2337244863015173,0.4954317394822013,3.8889207442648837,3.9587510942006476,2,1
0.9039881950672326,1,-1.952434828588928,3.54027263838323,1.7092533226851359,-0.09438283528895516,2,1
-0.26393815914371777,1,1.793076137365681,-0.5195152268181417,-0.4704140988946123,-0.3986577176852009,2,0
0.9039881950672326,1,-0.9976967392279492,-0.5195152268181417,-0.4704140988946123,-0.5075929379823472,2,0
0.9039881950672326,1,0.3609690033242129,-0.5195152268181417,-0.4704140988946123,-0.5309986981666737,0,0
0.9039881950672326,1,-0.1164000413562765,0.4954317394822013,1.7092533226851359,-0.23328617843893076,2,0
0.9039881950672326,1,0.9852208309833144,-0.5195152268181417,-0.4704140988946123,-0.5027805386921117,2,0
-1.4318645133546681,0,2.0868417033229054,-0.5195152268181417,-0.4704140988946123,1.9204077509017958,0,1
0.9039881950672326,1,0.2508069160902538,-0.5195152268181417,-0.4704140988946123,-0.4774060697072343,2,0
-1.4318645133546681,1,0.8383380480047022,0.4954317394822013,-0.4704140988946123,0.2639221664112968,2,0
0.9039881950672326,0,-0.33672421582419465,0.4954317394822013,-0.4704140988946123,-0.504967992914946,2,0
-1.4318645133546681,1,-0.1164000413562765,-0.5195152268181417,-0.4704140988946123,-0.10116394337974137,2,0
-1.4318645133546681,0,-0.8508139562493371,-0.5195152268181417,1.7092533226851359,0.7501932401473532,2,1
-1.4318645133546681,1,-0.4101656073135007,0.4954317394822013,-0.4704140988946123,0.7959845318664764,2,1
0.9039881950672326,1,0.17736552460094773,-0.5195152268181417,-0.4704140988946123,-0.504967992914946,2,1
0.9039881950672326,1,-0.5570483902921128,0.4954317394822013,-0.4704140988946123,-0.516780245718251,2,0
0.9039881950672326,0,0.030482741622335607,-0.5195152268181417,-0.4704140988946123,-0.5220301358530532,1,1
0.9039881950672326,1,-0.9242553477386432,-0.5195152268181417,-0.4704140988946123,-0.5054789822214001,2,0
0.9039881950672326,0,-0.1164000413562765,-0.5195152268181417,-0.4704140988946123,-0.508030428826914,1,1
0.9039881950672326,0,-0.5570483902921128,0.4954317394822013,0.6194196118952618,-0.42862584053803027,2,1
0.9039881950672326,0,-2.025876220078234,-0.5195152268181417,0.6194196118952618,-0.4605626721914105,2,0
0.9039881950672326,1,0.8016173522600492,-0.5195152268181417,-0.4704140988946123,-0.508030428826914,1,0
0.9039881950672326,1,-0.1164000413562765,-0.5195152268181417,-0.4704140988946123,-0.3794081205242594,2,0
-0.26393815914371777,1,-2.123553270759011,0.4954317394822013,0.6194196118952618,-0.38990790079386384,2,1
0.9039881950672326,1,1.0586622224726203,-0.5195152268181417,-0.4704140988946123,-0.5027805386921117,2,0
0.9039881950672326,1,-0.1164000413562765,-0.5195152268181417,-0.4704140988946123,-0.4774060697072343,2,0
0.9039881950672326,0,-0.8508139562493371,-0.5195152268181417,-0.4704140988946123,-0.5171442381009307,0,1
0.9039881950672326,1,-1.0711381307172552,0.4954317394822013,0.6194196118952618,-0.5171442381009307,0,0
-1.4318645133546681,0,0.7648966565153962,0.4954317394822013,0.6194196118952618,1.710048153127027,0,1
-1.4318645133546681,1,1.1321036139619265,-0.5195152268181417,-0.4704140988946123,-0.022415591357707956,2,0
0.9039881950672326,1,-0.33672421582419465,-0.5195152268181417,-0.4704140988946123,-0.5172177365628179,0,0
0.9039881950672326,1,-1.1445795222065613,4.555219604683574,1.7092533226851359,0.17708023376477666,2,0
0.9039881950672326,0,-1.2180209136958673,-0.5195152268181417,-0.4704140988946123,-0.5171442381009307,0,1
0.9039881950672326,0,-0.1164000413562765,-0.5195152268181417,-0.4704140988946123,-0.5066444578313262,1,1
0.9039881950672326,0,-0.4101656073135007,-0.5195152268181417,2.7990870334750095,-0.3066393933657658,0,1
0.9039881950672326,0,-0.1164000413562765,-0.5195152268181417,-0.4704140988946123,-0.5085414181333681,1,1
-0.26393815914371777,0,-0.1164000413562765,0.4954317394822013,-0.4704140988946123,-0.22366137985846,0,1
-1.4318645133546681,1,0.544572482047478,-0.5195152268181417,0.6194196118952618,-0.1239134672972177,0,0
0.9039881950672326,1,-0.04295864986697045,-0.5195152268181417,-0.4704140988946123,-0.5058429746040797,2,0
-0.26393815914371777,1,-0.703931173270725,-0.5195152268181417,-0.4704140988946123,-0.4010639173303186,0,1
0.9039881950672326,1,-0.4836069988028068,-0.5195152268181417,-0.4704140988946123,-0.5054789822214001,2,0
0.9039881950672326,1,-0.703931173270725,-0.5195152268181417,-0.4704140988946123,-0.4713546963451856,2,0
0.9039881950672326,0,0.544572482047478,-0.5195152268181417,-0.4704140988946123,-0.4758748517512504,2,0
-1.4318645133546681,1,2.6009314437480477,-0.5195152268181417,0.6194196118952618,0.44096071150047583,0,0
-1.4318645133546681,1,0.9117794394940083,0.4954317394822013,-0.4704140988946123,0.27602666309877255,2,1
0.9039881950672326,0,-0.6304897817814189,0.4954317394822013,-0.4704140988946123,-0.47171868872786527,2,0
0.9039881950672326,0,-0.1164000413562765,0.4954317394822013,-0.4704140988946123,-0.3724082670111898,1,0
-1.4318645133546681,1,-0.33672421582419465,0.4954317394822013,-0.4704140988946123,0.9502000545762919,0,1
0.9039881950672326,0,-0.9242553477386432,-0.5195152268181417,-0.4704140988946123,-0.5083226727110847,1,0
-1.4318645133546681,1,-0.04295864986697045,-0.5195152268181417,-0.4704140988946123,-0.11866357716241546,2,0
0.9039881950672326,0,-1.952434828588928,2.525325672082887,0.6194196118952618,-0.27484780867278175,2,0
0.9039881950672326,1,-1.952434828588928,0.4954317394822013,0.6194196118952618,-0.36540841349812014,2,1
0.9039881950672326,1,-1.878993437099622,0.4954317394822013,0.6194196118952618,-0.44882391784999276,2,1
-0.26393815914371777,0,0.7648966565153962,-0.5195152268181417,-0.4704140988946123,-0.3680333585655213,2,1
0.9039881950672326,0,0.618013873536784,0.4954317394822013,4.978754455054758,-0.09438283528895516,2,1
0.9039881950672326,1,2.160283094812211,-0.5195152268181417,-0.4704140988946123,-0.516780245718251,2,0
-1.4318645133546681,0,1.8665175288549871,-0.5195152268181417,-0.4704140988946123,1.7298804880929315,0,1
-1.4318645133546681,1,1.1321036139619265,0.4954317394822013,-0.4704140988946123,0.8171293393660815,2,0
0.9039881950672326,0,-0.1164000413562765,-0.5195152268181417,1.7092533226851359,-0.508030428826914,1,0
0.9039881950672326,1,0.8383380480047022,1.5103787057825442,-0.4704140988946123,-0.3967625073465373,2,0
-0.26393815914371777,0,0.9117794394940083,0.4954317394822013,-0.4704140988946123,-0.18866211229311183,2,1
-1.4318645133546681,0,2.0868417033229054,-0.5195152268181417,0.6194196118952618,8.321920785527753,0,1
-1.4318645133546681,1,0.6914552650260901,-0.5195152268181417,-0.4704140988946123,-0.6436525906426381,2,0
-0.26393815914371777,1,1.0586622224726203,0.4954317394822013,-0.4704140988946123,-0.18866211229311183,2,0
-1.4318645133546681,1,-0.1164000413562765,-0.5195152268181417,-0.4704140988946123,0.04933290715125584,2,1
-1.4318645133546681,0,0.030482741622335607,-0.5195152268181417,-0.4704140988946123,0.9925631680373893,2,1
0.9039881950672326,1,-0.1164000413562765,-0.5195152268181417,-0.4704140988946123,-0.5072289455996675,2,0
0.9039881950672326,1,-0.6304897817814189,-0.5195152268181417,-0.4704140988946123,-0.36190848674158527,2,0
0.9039881950672326,0,-0.5570483902921128,-0.5195152268181417,-0.4704140988946123,-0.5075929379823472,2,1
0.9039881950672326,1,1.2789863969405386,-0.5195152268181417,-0.4704140988946123,-0.516780245718251,2,0
0.9039881950672326,0,-0.04295864986697045,-0.5195152268181417,-0.4704140988946123,-0.504967992914946,2,0
0.9039881950672326,0,-0.1164000413562765,-0.5195152268181417,-0.4704140988946123,-0.5075194395204599,1,1
0.9039881950672326,0,0.030482741622335607,-0.5195152268181417,-0.4704140988946123,-0.4253446592037789,2,1
0.9039881950672326,0,-0.1164000413562765,-0.5195152268181417,-0.4704140988946123,-0.5057694761421925,1,1
0.9039881950672326,1,-0.1164000413562765,-0.5195152268181417,-0.4704140988946123,-0.49206201300022384,2,0
0.9039881950672326,1,0.6914552650260901,0.4954317394822013,4.978754455054758,-0.09635154408950601,2,0
-1.4318645133546681,1,1.4993105714084567,0.4954317394822013,0.6194196118952618,3.057519954392932,0,0
0.9039881950672326,1,-0.9242553477386432,-0.5195152268181417,-0.4704140988946123,-0.5189676999410853,2,0
0.9039881950672326,1,-0.33672421582419465,-0.5195152268181417,-0.4704140988946123,-0.5054789822214001,2,0
-1.4318645133546681,0,2.2337244863015173,0.4954317394822013,-0.4704140988946123,0.6731948515035872,0,1
-1.4318645133546681,0,1.1321036139619265,-0.5195152268181417,0.6194196118952618,0.4650944564501617,0,1
0.9039881950672326,0,-0.703931173270725,-0.5195152268181417,-0.4704140988946123,-0.49206201300022384,2,0
0.9039881950672326,1,-0.5570483902921128,-0.5195152268181417,-0.4704140988946123,-0.5072289455996675,2,0
-1.4318645133546681,0,1.5727519628977629,0.4954317394822013,-0.4704140988946123,0.7205891096772032,2,1
0.9039881950672326,0,1.1321036139619265,-0.5195152268181417,-0.4704140988946123,-0.508030428826914,2,0
-1.4318645133546681,1,0.4711310905581719,-0.5195152268181417,-0.4704140988946123,0.6730496045431908,0,0
0.9039881950672326,1,-0.26328282433488864,0.4954317394822013,1.7092533226851359,-0.28359762556411877,2,0
-1.4318645133546681,0,1.2789863969405386,0.4954317394822013,-0.4704140988946123,0.4268875060124493,2,1
0.9039881950672326,1,-0.5570483902921128,-0.5195152268181417,-0.4704140988946123,-0.5120413448899028,2,0
-1.4318645133546681,1,2.5274900522587416,-0.5195152268181417,-0.4704140988946123,-0.18866211229311183,2,0
0.9039881950672326,0,0.2508069160902538,0.4954317394822013,1.7092533226851359,-0.28359762556411877,2,1
-0.26393815914371777,1,-0.1164000413562765,-0.5195152268181417,-0.4704140988946123,-0.4599064359245602,2,0
0.9039881950672326,0,0.030482741622335607,-0.5195152268181417,-0.4704140988946123,-0.510144384587861,1,0
0.9039881950672326,1,0.030482741622335607,-0.5195152268181417,-0.4704140988946123,-0.5054789822214001,2,0
0.9039881950672326,0,1.1321036139619265,0.4954317394822013,-0.4704140988946123,-0.3967625073465373,2,1
-0.26393815914371777,0,-1.8055520456103158,0.4954317394822013,1.7092533226851359,-0.15803775317343216,2,1
-0.26393815914371777,1,-1.5852278711423977,0.4954317394822013,0.6194196118952618,-0.0005410491293653436,2,1
-1.4318645133546681,0,0.39768969906886587,0.4954317394822013,-0.4704140988946123,0.8171293393660815,2,1
0.9039881950672326,1,-1.3649036966744794,-0.5195152268181417,-0.4704140988946123,-0.31487822095064866,0,0
-0.26393815914371777,1,-0.1164000413562765,-0.5195152268181417,-0.4704140988946123,-0.18866211229311183,2,0
-0.26393815914371777,0,-0.33672421582419465,0.4954317394822013,0.6194196118952618,-0.11866357716241546,2,1
-1.4318645133546681,1,-0.1164000413562765,-0.5195152268181417,-0.4704140988946123,0.1805801605213115,2,0
-0.26393815914371777,1,-0.33672421582419465,0.4954317394822013,1.7092533226851359,0.08396818233392438,0,0
0.9039881950672326,1,1.3524277884298446,-0.5195152268181417,-0.4704140988946123,-0.5062069669867594,2,0
0.9039881950672326,0,-0.4101656073135007,-0.5195152268181417,-0.4704140988946123,-0.48878083166597247,2,0
-0.26393815914371777,0,0.030482741622335607,0.4954317394822013,-0.4704140988946123,-0.40113741579220585,0,1
-0.26393815914371777,0,-0.8508139562493371,-0.5195152268181417,0.6194196118952618,-0.2411610136411341,2,1
-0.26393815914371777,1,1.5727519628977629,-0.5195152268181417,-0.4704140988946123,-0.4244696775146452,2,0
-0.26393815914371777,1,1.6461933543870688,-0.5195152268181417,-0.4704140988946123,-0.40740753457653794,2,0
-1.4318645133546681,1,-0.33672421582419465,0.4954317394822013,-0.4704140988946123,0.3265568556462439,0,1
0.9039881950672326,1,-1.6586692626317037,0.4954317394822013,0.6194196118952618,-0.37685667391874555,0,1
0.9039881950672326,1,-0.8508139562493371,-0.5195152268181417,-0.4704140988946123,-0.5075929379823472,2,0
-1.4318645133546681,0,-0.1164000413562765,-0.5195152268181417,-0.4704140988946123,-0.15854874247988623,0,1
-0.26393815914371777,0,-0.8508139562493371,-0.5195152268181417,1.7092533226851359,-0.416157351467875,2,1
-0.26393815914371777,1,-1.952434828588928,0.4954317394822013,0.6194196118952618,-0.31553445721749895,2,1
-1.4318645133546681,0,1.1321036139619265,0.4954317394822013,-0.4704140988946123,0.27602666309877255,2,1
-0.26393815914371777,0,-2.1051929228866846,0.4954317394822013,1.7092533226851359,-0.15803775317343216,2,1
-1.4318645133546681,0,1.793076137365681,0.4954317394822013,-0.4704140988946123,0.7259859967357801,0,1
-1.4318645133546681,1,-0.1164000413562765,-0.5195152268181417,-0.4704140988946123,-0.6436525906426381,2,0
0.9039881950672326,1,-1.4383450881637856,3.54027263838323,0.6194196118952618,-0.13397575672225528,1,0
-0.26393815914371777,0,-0.1164000413562765,-0.5195152268181417,-0.4704140988946123,-0.422282223291811,2,1
0.9039881950672326,1,-0.18984143284558255,-0.5195152268181417,-0.4704140988946123,-0.5215926450084863,2,1
0.9039881950672326,0,0.544572482047478,-0.5195152268181417,-0.4704140988946123,-0.508030428826914,1,0
0.9039881950672326,1,-0.26328282433488864,0.4954317394822013,-0.4704140988946123,-0.39070938402111033,0,0
0.9039881950672326,1,3.004859096939231,-0.5195152268181417,-0.4704140988946123,-0.508030428826914,1,0
-1.4318645133546681,0,1.793076137365681,0.4954317394822013,-0.4704140988946123,0.3958256560482028,0,1
-0.26393815914371777,1,-0.04295864986697045,0.4954317394822013,-0.4704140988946123,-0.15854874247988623,0,0
0.9039881950672326,1,0.32424830757955986,-0.5195152268181417,-0.4704140988946123,-0.5027805386921117,2,0
0.9039881950672326,1,0.507851786302825,0.4954317394822013,-0.4704140988946123,-0.339158962824109,2,1
0.9039881950672326,1,-0.1164000413562765,-0.5195152268181417,-0.4704140988946123,-0.5236348522709244,1,0
-0.26393815914371777,1,0.4711310905581719,-0.5195152268181417,-0.4704140988946123,-0.4599064359245602,2,0
0.9039881950672326,1,0.618013873536784,-0.5195152268181417,-0.4704140988946123,-0.49206201300022384,2,0
-1.4318645133546681,0,-0.5570483902921128,-0.5195152268181417,-0.4704140988946123,2.0084169091216206,2,1
-1.4318645133546681,0,0.17736552460094773,-0.5195152268181417,-0.4704140988946123,0.6914242200149988,0,1
-0.26393815914371777,1,-0.1164000413562765,-0.5195152268181417,-0.4704140988946123,-0.416157351467875,2,1
-1.4318645133546681,1,0.618013873536784,0.4954317394822013,-0.4704140988946123,0.93131444979803,2,1
0.9039881950672326,1,-0.9976967392279492,-0.5195152268181417,-0.4704140988946123,-0.4774060697072343,2,0
-0.26393815914371777,0,0.7648966565153962,-0.5195152268181417,-0.4704140988946123,-0.416157351467875,2,1
0.9039881950672326,1,1.5727519628977629,-0.5195152268181417,-0.4704140988946123,-0.5202066740128986,2,0
0.9039881950672326,1,1.5727519628977629,-0.5195152268181417,-0.4704140988946123,-0.508030428826914,2,0
-0.26393815914371777,1,0.10392413311164167,-0.5195152268181417,-0.4704140988946123,-0.416157351467875,2,1
0.9039881950672326,1,-0.9976967392279492,-0.5195152268181417,-0.4704140988946123,-0.4823637159578659,2,0
-1.4318645133546681,0,-0.5570483902921128,-0.5195152268181417,0.6194196118952618,0.3188272674044368,2,1
0.9039881950672326,1,0.6547345692814371,-0.5195152268181417,-0.4704140988946123,-0.516780245718251,2,0
-1.4318645133546681,0,0.39768969906886587,0.4954317394822013,-0.4704140988946123,0.36695126030679054,0,1
0.9039881950672326,0,-0.814093260504684,-0.5195152268181417,-0.4704140988946123,-0.516197507913288,1,0
-0.26393815914371777,0,0.10392413311164167,-0.5195152268181417,-0.4704140988946123,-0.2761602812064823,2,1
-1.4318645133546681,0,0.39768969906886587,0.4954317394822013,-0.4704140988946123,0.93131444979803,2,1
0.9039881950672326,0,1.1321036139619265,0.4954317394822013,3.8889207442648837,-0.15541280810603106,2,0
0.9039881950672326,1,-0.777372564760031,-0.5195152268181417,-0.4704140988946123,-0.6436525906426381,2,0
0.9039881950672326,0,-0.5570483902921128,-0.5195152268181417,-0.4704140988946123,-0.516780245718251,2,1
0.9039881950672326,1,0.21408622034560074,-0.5195152268181417,-0.4704140988946123,-0.4774060697072343,2,0
0.9039881950672326,1,-0.1164000413562765,-0.5195152268181417,-0.4704140988946123,-0.5066444578313262,1,0
0.9039881950672326,0,0.4711310905581719,-0.5195152268181417,1.7092533226851359,-0.43044930237818496,2,0
-1.4318645133546681,1,2.3071658777908235,0.4954317394822013,2.7990870334750095,3.9478138230864763,0,0
0.9039881950672326,0,1.1321036139619265,-0.5195152268181417,0.6194196118952618,-0.39070938402111033,0,0
0.9039881950672326,0,-0.8508139562493371,-0.5195152268181417,-0.4704140988946123,-0.5255300626095881,1,0
0.9039881950672326,1,-0.04295864986697045,2.525325672082887,0.6194196118952618,-0.25822315657924133,2,1
-1.4318645133546681,0,-0.26328282433488864,0.4954317394822013,-0.4704140988946123,1.7499333184444978,0,1
0.9039881950672326,0,-0.703931173270725,-0.5195152268181417,-0.4704140988946123,-0.5062069669867594,2,0
0.9039881950672326,1,-0.5570483902921128,-0.5195152268181417,-0.4704140988946123,-0.516780245718251,2,0
-1.4318645133546681,0,-0.1164000413562765,-0.5195152268181417,-0.4704140988946123,-0.08920644361604017,2,1
0.9039881950672326,1,0.6914552650260901,-0.5195152268181417,-0.4704140988946123,-0.504967992914946,2,1
0.9039881950672326,1,-0.5570483902921128,-0.5195152268181417,-0.4704140988946123,-0.5172177365628179,0,1
-1.4318645133546681,1,-0.07967934561162347,-0.5195152268181417,-0.4704140988946123,-0.15854874247988623,0,0
0.9039881950672326,1,-0.5570483902921128,-0.5195152268181417,-0.4704140988946123,-0.5054789822214001,2,0
-1.4318645133546681,1,-0.1164000413562765,-0.5195152268181417,-0.4704140988946123,-0.1239134672972177,0,1
-0.26393815914371777,1,-0.4836069988028068,-0.5195152268181417,-0.4704140988946123,-0.3803566006752803,0,0
-0.26393815914371777,1,-0.4836069988028068,1.5103787057825442,0.6194196118952618,-0.44240680214188616,2,0
0.9039881950672326,0,-1.0711381307172552,-0.5195152268181417,-0.4704140988946123,-0.5031445310747914,1,1
0.9039881950672326,0,0.030482741622335607,-0.5195152268181417,-0.4704140988946123,-0.49206201300022384,2,0
-0.26393815914371777,0,0.618013873536784,-0.5195152268181417,-0.4704140988946123,-0.416157351467875,2,0
-0.26393815914371777,0,-1.2180209136958673,-0.5195152268181417,0.6194196118952618,-0.3024097318804934,2,1
0.9039881950672326,0,-1.7321106541210098,3.54027263838323,1.7092533226851359,-0.09635154408950601,2,0
-0.26393815914371777,1,-0.9242553477386432,-0.5195152268181417,-0.4704140988946123,0.6425704923839075,2,0
-0.26393815914371777,1,0.17736552460094773,-0.5195152268181417,-0.4704140988946123,-0.40740753457653794,2,0
0.9039881950672326,1,-0.8508139562493371,-0.5195152268181417,-0.4704140988946123,-0.5027805386921117,2,1
0.9039881950672326,1,-1.1445795222065613,-0.5195152268181417,-0.4704140988946123,-0.4822184689974697,2,1
0.9039881950672326,0,-0.5570483902921128,-0.5195152268181417,-0.4704140988946123,-0.4868121228654217,2,1
-1.4318645133546681,1,-0.4836069988028068,-0.5195152268181417,-0.4704140988946123,0.9925631680373893,2,0
-0.26393815914371777,1,-0.6304897817814189,-0.5195152268181417,-0.4704140988946123,-0.416157351467875,2,0
0.9039881950672326,1,1.1321036139619265,-0.5195152268181417,-0.4704140988946123,-0.5027805386921117,2,1
0.9039881950672326,0,-2.09931761156754,-0.5195152268181417,1.7092533226851359,-0.3681786055259174,0,1
-1.4318645133546681,1,0.9117794394940083,-0.5195152268181417,-0.4704140988946123,0.10008184512101068,2,0
0.9039881950672326,0,-0.5570483902921128,-0.5195152268181417,-0.4704140988946123,-0.508030428826914,2,1
0.9039881950672326,1,-0.1164000413562765,-0.5195152268181417,-0.4704140988946123,-0.5057694761421925,2,0
0.9039881950672326,1,-0.5570483902921128,-0.5195152268181417,-0.4704140988946123,-0.4800310147746354,2,0
-1.4318645133546681,1,0.4711310905581719,0.4954317394822013,1.7092533226851359,1.4563034632782528,2,1
0.9039881950672326,1,-0.1164000413562765,-0.5195152268181417,-0.4704140988946123,-0.5156865186068339,2,0
-0.26393815914371777,1,2.0134003118335992,-0.5195152268181417,-0.4704140988946123,-0.4275321134266131,1,0
-0.26393815914371777,1,0.9852208309833144,-0.5195152268181417,0.6194196118952618,-0.2761602812064823,2,0
-1.4318645133546681,0,1.2789863969405386,0.4954317394822013,0.6194196118952618,0.27602666309877255,2,1
-1.4318645133546681,0,-0.1164000413562765,0.4954317394822013,-0.4704140988946123,1.6951734644117542,2,1
0.9039881950672326,1,-0.1164000413562765,2.525325672082887,0.6194196118952618,-0.19799466698941193,2,0
0.9039881950672326,0,-0.1164000413562765,0.4954317394822013,-0.4704140988946123,-0.3724082670111898,1,1
0.9039881950672326,0,-1.0711381307172552,0.4954317394822013,-0.4704140988946123,-0.39070938402111033,0,1
-1.4318645133546681,1,-0.1164000413562765,-0.5195152268181417,-0.4704140988946123,0.2663283660564145,2,0
0.9039881950672326,1,-0.18984143284558255,0.4954317394822013,-0.4704140988946123,-0.39070938402111033,0,0
0.9039881950672326,1,-0.1164000413562765,-0.5195152268181417,-0.4704140988946123,-0.5083944212095937,1,0
-0.26393815914371777,1,-0.33672421582419465,-0.5195152268181417,-0.4704140988946123,-0.09241412648840432,2,0
0.9039881950672326,0,-2.09931761156754,0.4954317394822013,0.6194196118952618,-0.44882391784999276,2,1
-0.26393815914371777,0,0.17736552460094773,-0.5195152268181417,-0.4704140988946123,-0.416157351467875,2,1
0.9039881950672326,0,0.6914552650260901,0.4954317394822013,4.978754455054758,-0.09635154408950601,2,0
0.9039881950672326,1,-0.8508139562493371,-0.5195152268181417,-0.4704140988946123,-0.4984056302464432,2,0
0.9039881950672326,1,-0.4836069988028068,0.4954317394822013,-0.4704140988946123,-0.40040768106346836,2,0
-0.26393815914371777,1,-0.04295864986697045,0.4954317394822013,-0.4704140988946123,-0.2761602812064823,2,0
-1.4318645133546681,1,-0.26328282433488864,-0.5195152268181417,-0.4704140988946123,-0.11866357716241546,0,1
0.9039881950672326,0,-0.04295864986697045,-0.5195152268181417,3.8889207442648837,-0.27484780867278175,2,0
-0.26393815914371777,1,-0.4101656073135007,-0.5195152268181417,-0.4704140988946123,-0.416157351467875,2,0
-0.26393815914371777,0,-1.5852278711423977,-0.5195152268181417,1.7092533226851359,-0.1842872038474433,2,1
-1.4318645133546681,1,2.3071658777908235,-0.5195152268181417,-0.4704140988946123,-0.05741485892305614,2,0
-1.4318645133546681,0,0.544572482047478,0.4954317394822013,-0.4704140988946123,0.93131444979803,1,1
0.9039881950672326,0,-0.777372564760031,-0.5195152268181417,-0.4704140988946123,-0.5057694761421925,1,1
0.9039881950672326,1,0.39768969906886587,-0.5195152268181417,-0.4704140988946123,-0.5054789822214001,0,0
-0.26393815914371777,1,-0.9976967392279492,-0.5195152268181417,-0.4704140988946123,-0.18866211229311183,2,0
-1.4318645133546681,1,2.9681384011945777,0.4954317394822013,0.6194196118952618,0.5988214079272223,2,0
-1.4318645133546681,0,0.4711310905581719,-0.5195152268181417,1.7092533226851359,0.5988214079272223,2,1
-1.4318645133546681,1,-2.1051929228866846,0.4954317394822013,1.7092533226851359,2.0084169091216206,2,1
-1.4318645133546681,0,-0.9242553477386432,0.4954317394822013,-0.4704140988946123,0.353826534969785,2,1
-0.26393815914371777,0,-2.025876220078234,0.4954317394822013,0.6194196118952618,-0.18866211229311183,2,1
0.9039881950672326,0,-0.18984143284558255,0.4954317394822013,-0.4704140988946123,-0.504967992914946,2,0
0.9039881950672326,1,-0.07967934561162347,-0.5195152268181417,-0.4704140988946123,-0.5171442381009307,0,0
0.9039881950672326,1,-0.5570483902921128,-0.5195152268181417,-0.4704140988946123,-0.5075929379823472,2,0
-0.26393815914371777,0,1.1321036139619265,-0.5195152268181417,1.7092533226851359,-0.11866357716241546,2,1
-1.4318645133546681,1,1.793076137365681,-0.5195152268181417,-0.4704140988946123,0.2639221664112968,2,0
-0.26393815914371777,0,-1.0711381307172552,-0.5195152268181417,1.7092533226851359,0.03883312688165136,2,1
0.9039881950672326,0,0.10392413311164167,-0.5195152268181417,-0.4704140988946123,-0.5062069669867594,2,0
0.9039881950672326,0,-0.4836069988028068,-0.5195152268181417,-0.4704140988946123,-0.49206201300022384,2,0
-1.4318645133546681,1,-1.7321106541210098,-0.5195152268181417,1.7092533226851359,1.710048153127027,0,1
-1.4318645133546681,0,0.9852208309833144,0.4954317394822013,-0.4704140988946123,0.3265568556462439,0,1
0.9039881950672326,1,-0.9976967392279492,-0.5195152268181417,-0.4704140988946123,-0.5027805386921117,2,1
0.9039881950672326,0,-0.777372564760031,0.4954317394822013,0.6194196118952618,-0.3681786055259174,0,1
-0.26393815914371777,0,0.2508069160902538,0.4954317394822013,1.7092533226851359,-0.15803775317343216,2,1
-1.4318645133546681,1,-0.4101656073135007,-0.5195152268181417,0.6194196118952618,3.6878707629518788,0,0
0.9039881950672326,0,0.39768969906886587,-0.5195152268181417,-0.4704140988946123,-0.508030428826914,1,0
0.9039881950672326,1,-0.26328282433488864,-0.5195152268181417,-0.4704140988946123,-0.5075929379823472,2,0
-0.26393815914371777,1,-0.26328282433488864,-0.5195152268181417,-0.4704140988946123,-0.4599064359245602,2,0
0.9039881950672326,0,1.2789863969405386,0.4954317394822013,-0.4704140988946123,-0.5211551541639196,2,1
0.9039881950672326,0,-0.8508139562493371,-0.5195152268181417,0.6194196118952618,-0.39070938402111033,0,0
-1.4318645133546681,1,-1.878993437099622,-0.5195152268181417,1.7092533226851359,0.7888376814296324,2,1
0.9039881950672326,0,0.17736552460094773,0.4954317394822013,0.6194196118952618,-0.3724082670111898,1,0
-1.4318645133546681,0,-0.8508139562493371,1.5103787057825442,1.7092533226851359,3.9478138230864763,0,1
-0.26393815914371777,0,1.3524277884298446,0.4954317394822013,1.7092533226851359,0.49382360523117774,2,1
-1.4318645133546681,1,1.1688243097065796,-0.5195152268181417,-0.4704140988946123,-0.1449130278364266,2,0
-1.4318645133546681,0,0.618013873536784,0.4954317394822013,-0.4704140988946123,0.6037790541778538,0,1
-0.26393815914371777,1,1.4993105714084567,0.4954317394822013,-0.4704140988946123,-0.18866211229311183,2,0
-1.4318645133546681,0,-0.6304897817814189,1.5103787057825442,1.7092533226851359,3.9478138230864763,0,1
0.9039881950672326,1,0.4711310905581719,0.4954317394822013,0.6194196118952618,-0.22103643479105892,2,0
0.9039881950672326,1,-0.1164000413562765,0.4954317394822013,-0.4704140988946123,-0.29424265279411943,2,0
-1.4318645133546681,0,-2.025876220078234,0.4954317394822013,1.7092533226851359,2.0084169091216206,2,0
0.9039881950672326,1,-1.3649036966744794,4.555219604683574,1.7092533226851359,0.17708023376477666,2,0
0.9039881950672326,1,-0.703931173270725,-0.5195152268181417,-0.4704140988946123,-0.5734353100896583,0,0
-1.4318645133546681,1,-0.1164000413562765,0.4954317394822013,-0.4704140988946123,0.7943063169867179,0,0
0.9039881950672326,1,-1.878993437099622,2.525325672082887,1.7092533226851359,-0.15541280810603106,2,0
0.9039881950672326,1,-0.26328282433488864,-0.5195152268181417,-0.4704140988946123,-0.5027805386921117,2,0
0.9039881950672326,0,2.4540486607694354,-0.5195152268181417,-0.4704140988946123,-0.4758748517512504,2,1
-1.4318645133546681,0,0.2508069160902538,-0.5195152268181417,-0.4704140988946123,2.0084169091216206,2,1
0.9039881950672326,1,-0.777372564760031,-0.5195152268181417,-0.4704140988946123,-0.5027805386921117,2,1
0.9039881950672326,0,-2.025876220078234,3.54027263838323,1.7092533226851359,-0.09635154408950601,2,0
0.9039881950672326,0,-0.6304897817814189,1.5103787057825442,1.7092533226851359,-0.04210267936321631,2,0
0.9039881950672326,1,-0.6304897817814189,-0.5195152268181417,-0.4704140988946123,-0.5071554471377803,2,0
-1.4318645133546681,1,1.2055450054512324,-0.5195152268181417,-0.4704140988946123,0.7423184049451499,0,0
-1.4318645133546681,0,2.5274900522587416,-0.5195152268181417,1.7092533226851359,0.8115872053471086,0,1
0.9039881950672326,1,0.2508069160902538,-0.5195152268181417,-0.4704140988946123,-0.4922072599606201,2,0
-1.4318645133546681,0,-0.8508139562493371,0.4954317394822013,-0.4704140988946123,0.28557796321735607,2,1
0.9039881950672326,1,-0.07967934561162347,-0.5195152268181417,-0.4704140988946123,-0.36190848674158527,2,0
0.9039881950672326,0,-0.6304897817814189,-0.5195152268181417,-0.4704140988946123,-0.49206201300022384,2,0
0.9039881950672326,1,-0.1164000413562765,-0.5195152268181417,-0.4704140988946123,-0.5027805386921117,2,0
0.9039881950672326,1,-0.1164000413562765,-0.5195152268181417,-0.4704140988946123,-0.5202801724747859,2,1
-0.26393815914371777,1,1.4258691799191507,0.4954317394822013,1.7092533226851359,0.49382360523117774,2,0
-1.4318645133546681,1,1.1321036139619265,-0.5195152268181417,-0.4704140988946123,-0.17903731371264106,2,0
0.9039881950672326,0,-0.1164000413562765,-0.5195152268181417,-0.4704140988946123,-0.5075929379823472,2,0
-0.26393815914371777,0,-0.26328282433488864,0.4954317394822013,0.6194196118952618,-0.18866211229311183,2,0
-1.4318645133546681,0,0.10392413311164167,-0.5195152268181417,-0.4704140988946123,1.710048153127027,0,1
0.9039881950672326,1,-2.025876220078234,3.54027263838323,0.6194196118952618,0.050864125107239797,2,0
0.9039881950672326,1,-0.4101656073135007,-0.5195152268181417,-0.4704140988946123,-0.516780245718251,1,0
0.9039881950672326,0,-0.8508139562493371,1.5103787057825442,-0.4704140988946123,-0.32865918255450455,2,0
0.9039881950672326,0,-0.4836069988028068,-0.5195152268181417,-0.4704140988946123,-0.5027805386921117,2,1
-0.26393815914371777,1,-0.1164000413562765,-0.5195152268181417,-0.4704140988946123,-0.4010639173303186,0,1
-0.26393815914371777,0,-1.6586692626317037,-0.5195152268181417,1.7092533226851359,-0.1842872038474433,2,1
-1.4318645133546681,1,0.7648966565153962,-0.5195152268181417,-0.4704140988946123,-0.10116394337974137,0,1
-1.4318645133546681,1,-0.1164000413562765,-0.5195152268181417,-0.4704140988946123,-0.18866211229311183,2,1
0.9039881950672326,0,-0.1164000413562765,-0.5195152268181417,-0.4704140988946123,-0.5057694761421925,1,0
0.9039881950672326,1,-0.18984143284558255,-0.5195152268181417,-0.4704140988946123,-0.49206201300022384,2,1
0.9039881950672326,0,-0.4101656073135007,-0.5195152268181417,1.7092533226851359,-0.35140870647198086,2,1
-1.4318645133546681,1,-1.2180209136958673,1.5103787057825442,1.7092533226851359,3.9478138230864763,0,1
0.9039881950672326,1,-0.6304897817814189,0.4954317394822013,-0.4704140988946123,-0.5299784695171439,2,0
0.9039881950672326,0,-0.9976967392279492,-0.5195152268181417,-0.4704140988946123,-0.5083226727110847,1,1
-0.26393815914371777,1,0.7648966565153962,-0.5195152268181417,-0.4704140988946123,-0.416157351467875,2,0
0.9039881950672326,1,-0.703931173270725,-0.5195152268181417,-0.4704140988946123,-0.4774060697072343,2,0
0.9039881950672326,0,-1.5117864796530915,2.525325672082887,1.7092533226851359,-0.15541280810603106,2,0
0.9039881950672326,1,-0.04295864986697045,-0.5195152268181417,-0.4704140988946123,-0.508030428826914,1,1
-1.4318645133546681,1,1.8665175288549871,0.4954317394822013,0.6194196118952618,0.9925631680373893,2,0
-0.26393815914371777,1,0.8383380480047022,-0.5195152268181417,-0.4704140988946123,-0.3803566006752803,0,0
0.9039881950672326,1,-0.1164000413562765,0.4954317394822013,0.6194196118952618,-0.2523905286394761,0,1
-1.4318645133546681,0,0.030482741622335607,-0.5195152268181417,-0.4704140988946123,-0.10116394337974137,0,1
0.9039881950672326,0,-0.1164000413562765,0.4954317394822013,0.6194196118952618,-0.2523905286394761,0,1
-1.4318645133546681,1,2.0868417033229054,-0.5195152268181417,1.7092533226851359,1.3386184260897696,0,0
0.9039881950672326,0,-0.1164000413562765,-0.5195152268181417,-0.4704140988946123,-0.510144384587861,1,0
0.9039881950672326,0,-0.1164000413562765,-0.5195152268181417,-0.4704140988946123,-0.5027805386921117,2,0
-0.26393815914371777,1,1.2789863969405386,-0.5195152268181417,-0.4704140988946123,-0.4599064359245602,2,0
0.9039881950672326,1,-0.26328282433488864,-0.5195152268181417,-0.4704140988946123,-0.5056242291817963,2,0
-1.4318645133546681,1,0.8383380480047022,-0.5195152268181417,-0.4704140988946123,-0.10991376027107841,2,0
0.9039881950672326,1,0.17736552460094773,-0.5195152268181417,-0.4704140988946123,-0.508030428826914,1,0
0.9039881950672326,1,-0.33672421582419465,-0.5195152268181417,-0.4704140988946123,-0.504967992914946,2,0
0.9039881950672326,0,-2.025876220078234,0.4954317394822013,0.6194196118952618,-0.2899412428103381,2,0
-0.26393815914371777,1,-2.09931761156754,-0.5195152268181417,1.7092533226851359,0.003907357778190363,0,1
-0.26393815914371777,0,0.8383380480047022,-0.5195152268181417,0.6194196118952618,-0.3024097318804934,2,1
-1.4318645133546681,0,1.4258691799191507,-0.5195152268181417,-0.4704140988946123,-0.18990108636492511,2,1
0.9039881950672326,1,0.17736552460094773,-0.5195152268181417,-0.4704140988946123,-0.5062069669867594,2,1
-0.26393815914371777,1,-2.025876220078234,0.4954317394822013,0.6194196118952618,-0.18866211229311183,2,1
-1.4318645133546681,1,0.39768969906886587,-0.5195152268181417,-0.4704140988946123,-0.183630967580593,2,1
-1.4318645133546681,1,1.8665175288549871,0.4954317394822013,-0.4704140988946123,0.3958256560482028,0,0
0.9039881950672326,0,-0.1164000413562765,-0.5195152268181417,-0.4704140988946123,-0.5012493207361278,1,0
-0.26393815914371777,1,-0.6304897817814189,-0.5195152268181417,-0.4704140988946123,-0.44240680214188616,2,0
0.9039881950672326,1,0.2508069160902538,-0.5195152268181417,-0.4704140988946123,-0.5062069669867594,2,0
0.9039881950672326,1,0.2508069160902538,-0.5195152268181417,-0.4704140988946123,-0.5075929379823472,2,0
-1.4318645133546681,0,0.9117794394940083,-0.5195152268181417,-0.4704140988946123,3.3379515857602846,0,1
0.9039881950672326,1,-1.5117864796530915,0.4954317394822013,0.6194196118952618,-0.36540841349812014,2,1
0.9039881950672326,1,-2.025876220078234,3.54027263838323,0.6194196118952618,-0.13397575672225528,1,0
-0.26393815914371777,1,0.030482741622335607,0.4954317394822013,-0.4704140988946123,-0.2761602812064823,2,0
-1.4318645133546681,1,0.030482741622335607,-0.5195152268181417,-0.4704140988946123,-0.15803775317343216,0,0
-1.4318645133546681,1,-0.5570483902921128,-0.5195152268181417,-0.4704140988946123,1.7298804880929315,0,0
-1.4318645133546681,0,0.030482741622335607,-0.5195152268181417,-0.4704140988946123,2.241454282315357,2,1
-1.4318645133546681,1,0.10392413311164167,-0.5195152268181417,-0.4704140988946123,-0.1442567915695763,0,1
-0.26393815914371777,1,0.7648966565153962,0.4954317394822013,-0.4704140988946123,-0.18866211229311183,2,0
-0.26393815914371777,1,0.32424830757955986,0.4954317394822013,-0.4704140988946123,-0.18866211229311183,2,0
-0.26393815914371777,1,1.3524277884298446,-0.5195152268181417,-0.4704140988946123,-0.416157351467875,2,0
0.9039881950672326,1,-0.777372564760031,-0.5195152268181417,-0.4704140988946123,-0.5008853283534481,2,0
-1.4318645133546681,1,3.7025523160876386,-0.5195152268181417,-0.4704140988946123,-0.11866357716241546,2,1
-1.4318645133546681,1,0.6914552650260901,0.4954317394822013,-0.4704140988946123,0.6037790541778538,0,0
-1.4318645133546681,1,2.2337244863015173,-0.5195152268181417,-0.4704140988946123,-0.17903731371264106,2,0
0.9039881950672326,1,-0.33672421582419465,-0.5195152268181417,-0.4704140988946123,-0.5171442381009307,0,1
-0.26393815914371777,0,0.32424830757955986,0.4954317394822013,0.6194196118952618,-0.07491449270573022,2,1
-1.4318645133546681,1,2.6009314437480477,-0.5195152268181417,-0.4704140988946123,-0.17903731371264106,2,0
-0.26393815914371777,1,-0.1164000413562765,-0.5195152268181417,-0.4704140988946123,-0.3803566006752803,0,0
0.9039881950672326,1,0.9117794394940083,-0.5195152268181417,-0.4704140988946123,-0.5115303555834488,2,0
-0.26393815914371777,1,2.0134003118335992,-0.5195152268181417,-0.4704140988946123,-0.416157351467875,2,0
-0.26393815914371777,1,0.4711310905581719,-0.5195152268181417,-0.4704140988946123,-0.41834480569070925,0,0
0.9039881950672326,1,0.9852208309833144,-0.5195152268181417,-0.4704140988946123,-0.5054789822214001,2,0
0.9039881950672326,1,-0.1164000413562765,-0.5195152268181417,-0.4704140988946123,-0.5171442381009307,0,1
-0.26393815914371777,0,-0.703931173270725,1.5103787057825442,0.6194196118952618,-0.2411610136411341,2,1
0.9039881950672326,1,-0.4836069988028068,-0.5195152268181417,-0.4704140988946123,-0.5072289455996675,2,1
0.9039881950672326,1,-0.1164000413562765,-0.5195152268181417,-0.4704140988946123,-0.5172177365628179,0,0
-1.4318645133546681,1,1.0586622224726203,1.5103787057825442,-0.4704140988946123,0.93131444979803,1,0
0.9039881950672326,1,-0.04295864986697045,-0.5195152268181417,-0.4704140988946123,-0.5027805386921117,2,0
0.9039881950672326,1,-0.8508139562493371,-0.5195152268181417,-0.4704140988946123,-0.49206201300022384,2,0
-0.26393815914371777,1,0.030482741622335607,-0.5195152268181417,-0.4704140988946123,-0.4599064359245602,2,0
-1.4318645133546681,1,-0.18984143284558255,-0.5195152268181417,1.7092533226851359,3.057519954392932,0,0
-0.26393815914371777,0,0.030482741622335607,-0.5195152268181417,-0.4704140988946123,-0.416157351467875,2,0
0.9039881950672326,1,-0.1164000413562765,-0.5195152268181417,-0.4704140988946123,-0.5220301358530532,1,0
-0.26393815914371777,0,-1.5852278711423977,0.4954317394822013,0.6194196118952618,-0.18866211229311183,2,1
-1.4318645133546681,1,1.1321036139619265,0.4954317394822013,0.6194196118952618,1.710048153127027,0,1
-1.4318645133546681,1,1.2055450054512324,-0.5195152268181417,-0.4704140988946123,-0.18866211229311183,2,0
-0.26393815914371777,1,1.4993105714084567,-0.5195152268181417,-0.4704140988946123,-0.416157351467875,2,0
-1.4318645133546681,1,-0.18984143284558255,-0.5195152268181417,-0.4704140988946123,0.6990803097949188,0,1
0.9039881950672326,1,-0.6304897817814189,-0.5195152268181417,-0.4704140988946123,-0.5083226727110847,1,0
-0.26393815914371777,0,-0.8508139562493371,0.4954317394822013,0.6194196118952618,-0.416157351467875,2,0
0.9039881950672326,1,-0.1164000413562765,-0.5195152268181417,-0.4704140988946123,-0.22103643479105892,1,0
-1.4318645133546681,1,0.39768969906886587,-0.5195152268181417,-0.4704140988946123,-0.17903731371264106,0,1
0.9039881950672326,0,-0.8508139562493371,-0.5195152268181417,-0.4704140988946123,-0.5075929379823472,2,1
0.9039881950672326,0,0.030482741622335607,0.4954317394822013,0.6194196118952618,-0.22103643479105892,2,0
-1.4318645133546681,0,-0.4101656073135007,2.525325672082887,1.7092533226851359,3.9587510942006476,2,1
0.9039881950672326,1,-0.1164000413562765,-0.5195152268181417,-0.4704140988946123,-0.5075929379823472,2,0
-0.26393815914371777,0,1.8665175288549871,-0.5195152268181417,-0.4704140988946123,-0.3636584501198527,2,1
-1.4318645133546681,1,-0.6304897817814189,-0.5195152268181417,0.6194196118952618,0.4304609312308713,0,1
0.9039881950672326,1,-0.9976967392279492,1.5103787057825442,-0.4704140988946123,-0.32865918255450455,2,0
-1.4318645133546681,1,1.2789863969405386,-0.5195152268181417,-0.4704140988946123,-0.1958807112284649,2,0
-1.4318645133546681,0,0.6914552650260901,-0.5195152268181417,-0.4704140988946123,3.054676263903248,2,1
0.9039881950672326,1,-0.1164000413562765,0.4954317394822013,-0.4704140988946123,-0.36190848674158527,2,0
-1.4318645133546681,0,0.10392413311164167,-0.5195152268181417,1.7092533226851359,2.241454282315357,2,1
-0.26393815914371777,1,0.32424830757955986,-0.5195152268181417,-0.4704140988946123,-0.416157351467875,2,0
0.9039881950672326,1,-0.1164000413562765,0.4954317394822013,-0.4704140988946123,-0.508030428826914,1,0
0.9039881950672326,1,-0.1164000413562765,-0.5195152268181417,-0.4704140988946123,-0.5054789822214001,2,0
0.9039881950672326,1,-0.1164000413562765,7.6000605035846025,1.7092533226851359,0.5734469389423448,2,0
0.9039881950672326,1,-0.4101656073135007,-0.5195152268181417,-0.4704140988946123,-0.5124788357344697,2,0
-0.26393815914371777,0,1.793076137365681,0.4954317394822013,2.7990870334750095,-0.2411610136411341,2,1
-1.4318645133546681,0,0.4711310905581719,0.4954317394822013,1.7092533226851359,1.4563034632782528,2,1
0.9039881950672326,1,-0.1164000413562765,-0.5195152268181417,-0.4704140988946123,-0.5084679196714808,1,0
-1.4318645133546681,1,-0.9242553477386432,-0.5195152268181417,-0.4704140988946123,0.1805801605213115,2,0
0.9039881950672326,1,-0.26328282433488864,-0.5195152268181417,-0.4704140988946123,-0.5057694761421925,1,0
-0.26393815914371777,1,-0.04295864986697045,-0.5195152268181417,-0.4704140988946123,-0.4599064359245602,2,0
-0.26393815914371777,1,0.030482741622335607,0.4954317394822013,-0.4704140988946123,-0.22366137985846,0,0
-1.4318645133546681,0,0.2508069160902538,-0.5195152268181417,-0.4704140988946123,-0.15854874247988623,0,1
0.9039881950672326,0,-1.1445795222065613,-0.5195152268181417,-0.4704140988946123,-0.5062069669867594,2,0
0.9039881950672326,1,-2.025876220078234,2.525325672082887,0.6194196118952618,-0.27484780867278175,2,0
-0.26393815914371777,0,0.4711310905581719,-0.5195152268181417,2.7990870334750095,0.03883312688165136,2,1
0.9039881950672326,0,-1.878993437099622,0.4954317394822013,0.6194196118952618,-0.35140870647198086,2,1
0.9039881950672326,1,-0.1164000413562765,0.4954317394822013,9.338089298214253,0.5734469389423448,2,0
-1.4318645133546681,0,-0.777372564760031,0.4954317394822013,-0.4704140988946123,0.9502000545762919,0,1
0.9039881950672326,1,0.17736552460094773,-0.5195152268181417,-0.4704140988946123,-0.5075929379823472,2,1
-1.4318645133546681,0,1.5727519628977629,-0.5195152268181417,0.6194196118952618,0.045832980394720974,2,1
-1.4318645133546681,1,-0.777372564760031,2.525325672082887,1.7092533226851359,3.9587510942006476,2,0
0.9039881950672326,0,-2.025876220078234,2.525325672082887,1.7092533226851359,-0.15541280810603106,2,0
0.9039881950672326,0,-0.1164000413562765,0.4954317394822013,1.7092533226851359,-0.23328617843893076,2,0
-0.26393815914371777,1,-0.777372564760031,-0.5195152268181417,-0.4704140988946123,-0.4599064359245602,2,0
0.9039881950672326,1,-0.6304897817814189,-0.5195152268181417,-0.4704140988946123,-0.5062069669867594,2,0
0.9039881950672326,0,-1.8055520456103158,1.5103787057825442,0.6194196118952618,-0.3066393933657658,0,1
0.9039881950672326,0,0.7648966565153962,0.4954317394822013,-0.4704140988946123,-0.47784356055180116,2,0
-1.4318645133546681,1,1.793076137365681,0.4954317394822013,-0.4704140988946123,0.3265568556462439,0,1
-1.4318645133546681,1,-0.1164000413562765,-0.5195152268181417,-0.4704140988946123,-0.10991376027107841,2,1
-0.26393815914371777,1,0.030482741622335607,-0.5195152268181417,-0.4704140988946123,-0.416157351467875,2,0
-0.26393815914371777,0,0.32424830757955986,-0.5195152268181417,0.6194196118952618,-0.2411610136411341,2,1
0.9039881950672326,0,0.10392413311164167,-0.5195152268181417,-0.4704140988946123,-0.49169802061754425,2,1
0.9039881950672326,1,-0.33672421582419465,-0.5195152268181417,-0.4704140988946123,-0.5072289455996675,2,1
-0.26393815914371777,1,1.793076137365681,0.4954317394822013,-0.4704140988946123,-0.18866211229311183,2,0
-0.26393815914371777,1,0.17736552460094773,-0.5195152268181417,-0.4704140988946123,-0.4599064359245602,2,0
0.9039881950672326,1,0.030482741622335607,-0.5195152268181417,-0.4704140988946123,-0.5172177365628179,0,0
-1.4318645133546681,1,-0.1164000413562765,-0.5195152268181417,-0.4704140988946123,3.3379515857602846,0,0
0.9039881950672326,1,-0.4101656073135007,-0.5195152268181417,-0.4704140988946123,-0.5062069669867594,2,0
0.9039881950672326,1,-0.6304897817814189,1.5103787057825442,-0.4704140988946123,-0.22103643479105892,2,0
0.9039881950672326,1,-1.5117864796530915,4.555219604683574,1.7092533226851359,0.17708023376477666,2,0
-0.26393815914371777,0,0.030482741622335607,-0.5195152268181417,-0.4704140988946123,-0.416157351467875,2,1
0.9039881950672326,0,-0.9976967392279492,4.555219604683574,1.7092533226851359,0.17708023376477666,2,0
-0.26393815914371777,0,-0.777372564760031,-0.5195152268181417,-0.4704140988946123,-0.416157351467875,2,1
-0.26393815914371777,0,-0.04295864986697045,0.4954317394822013,-0.4704140988946123,-0.18866211229311183,2,1
-1.4318645133546681,1,-0.1164000413562765,-0.5195152268181417,-0.4704140988946123,0.23132909849106637,2,0
-1.4318645133546681,0,-0.1164000413562765,0.4954317394822013,-0.4704140988946123,0.2663283660564145,2,1
-1.4318645133546681,1,-0.04295864986697045,0.4954317394822013,-0.4704140988946123,0.5218230192834562,2,0
0.9039881950672326,1,-0.8508139562493371,0.4954317394822013,0.6194196118952618,-0.2899412428103381,2,0
0.9039881950672326,0,-0.6304897817814189,-0.5195152268181417,-0.4704140988946123,-0.5097803922051815,2,1
-0.26393815914371777,1,2.160283094812211,-0.5195152268181417,-0.4704140988946123,-0.40740753457653794,2,0
0.9039881950672326,0,-0.1164000413562765,-0.5195152268181417,1.7092533226851359,-0.37685667391874555,0,0
0.9039881950672326,1,-0.04295864986697045,-0.5195152268181417,-0.4704140988946123,-0.5054789822214001,0,1
0.9039881950672326,1,-0.33672421582419465,-0.5195152268181417,-0.4704140988946123,-0.6436525906426381,2,1
0.9039881950672326,0,-0.1164000413562765,1.5103787057825442,-0.4704140988946123,-0.23678610519546556,1,1
0.9039881950672326,1,-0.703931173270725,-0.5195152268181417,-0.4704140988946123,-0.5062069669867594,2,0
0.9039881950672326,1,-0.26328282433488864,-0.5195152268181417,-0.4704140988946123,0.3450032196165608,2,1
0.9039881950672326,1,-0.33672421582419465,0.4954317394822013,-0.4704140988946123,-0.5075929379823472,2,1
-0.26393815914371777,1,-0.8508139562493371,-0.5195152268181417,-0.4704140988946123,-0.416157351467875,2,0
0.9039881950672326,1,-1.8055520456103158,3.54027263838323,1.7092533226851359,-0.09438283528895516,2,0
0.9039881950672326,0,-0.1164000413562765,0.4954317394822013,9.338089298214253,0.5734469389423448,2,0
-0.26393815914371777,1,-0.33672421582419465,-0.5195152268181417,-0.4704140988946123,-0.4599064359245602,2,0
0.9039881950672326,1,-0.1164000413562765,-0.5195152268181417,-0.4704140988946123,-0.39063763552260133,0,0
0.9039881950672326,1,1.90323822459964,-0.5195152268181417,-0.4704140988946123,-0.5027805386921117,2,0
-1.4318645133546681,1,0.4711310905581719,-0.5195152268181417,-0.4704140988946123,-0.1818810042023256,2,1
0.9039881950672326,0,-0.9976967392279492,-0.5195152268181417,-0.4704140988946123,-0.508030428826914,1,1
-1.4318645133546681,1,0.618013873536784,-0.5195152268181417,-0.4704140988946123,-0.6436525906426381,2,0
0.9039881950672326,1,0.9117794394940083,-0.5195152268181417,0.6194196118952618,-0.4965821684062886,2,0
-1.4318645133546681,0,-0.777372564760031,-0.5195152268181417,1.7092533226851359,-0.18370446604248025,2,1
-0.26393815914371777,0,-0.18984143284558255,0.4954317394822013,-0.4704140988946123,-0.40113741579220585,0,1
-0.26393815914371777,1,0.6914552650260901,-0.5195152268181417,-0.4704140988946123,-0.416157351467875,2,0
-1.4318645133546681,1,1.2789863969405386,0.4954317394822013,-0.4704140988946123,3.3379515857602846,0,0
0.9039881950672326,1,-0.1164000413562765,-0.5195152268181417,-0.4704140988946123,-0.5202801724747859,2,0
